-- phpMyAdmin SQL Dump
-- version 5.2.1
-- https://www.phpmyadmin.net/
--
-- Host: 127.0.0.1
-- Generation Time: Feb 24, 2025 at 02:50 PM
-- Server version: 10.4.32-MariaDB
-- PHP Version: 8.2.12

SET SQL_MODE = "NO_AUTO_VALUE_ON_ZERO";
START TRANSACTION;
SET time_zone = "+00:00";


/*!40101 SET @OLD_CHARACTER_SET_CLIENT=@@CHARACTER_SET_CLIENT */;
/*!40101 SET @OLD_CHARACTER_SET_RESULTS=@@CHARACTER_SET_RESULTS */;
/*!40101 SET @OLD_COLLATION_CONNECTION=@@COLLATION_CONNECTION */;
/*!40101 SET NAMES utf8mb4 */;

--
-- Database: `kmitl_project`
--

-- --------------------------------------------------------

--
-- Table structure for table `account`
--

CREATE TABLE `account` (
  `id` int(11) NOT NULL,
  `username` varchar(255) NOT NULL,
  `password` varchar(255) NOT NULL,
  `mail` varchar(255) DEFAULT NULL,
  `phone` varchar(255) DEFAULT NULL,
  `role` varchar(255) DEFAULT NULL,
  `create` datetime DEFAULT NULL
) ENGINE=InnoDB DEFAULT CHARSET=utf8mb4 COLLATE=utf8mb4_general_ci;

--
-- Dumping data for table `account`
--

INSERT INTO `account` (`id`, `username`, `password`, `mail`, `phone`, `role`, `create`) VALUES
(1, 'firstshopbanga101', '#$Vdv45v1w#', '65015078@gmail.com', '0999999999', 'admin', '2025-01-01 12:30:00'),
(2, 'mildshopbanga101', '#$Vdv45v1w#', '65015069@gmail.com', '0999999999', 'admin', '2025-01-01 12:30:00'),
(3, 'miwshopbanga101', '#$Vdv45v1w#', '65015102@gmail.com', '0999999999', 'admin', '2025-01-01 12:30:00'),
(4, 'basshopbanga101', '#$Vdv45v1w#', '65015166@gmail.com', '0999999999', 'admin', '2025-01-01 12:30:00'),
(5, 'testadmin', 'testadmin', 'testadmin@gmail.com', '0999999999', 'member', '2025-01-01 12:30:00'),
(6, 'test01', 'test01', 'test01@gmail.com', '0999999999', 'member', '2025-01-01 12:30:00'),
(7, 'test02', 'test02', 'test02@gmail.com', '0999999999', 'member', '2025-01-01 12:30:00'),
(8, 'FirstAdmin', 'scrypt:32768:8:1$NXkcatjYhQjAOKob$51191ba1bfc309545d25f9bd2fba6d7b2ced18d22167e2da852cd12aa946f843e44b829287e8ae79a98fcad322543eb090a88cc71446f461cba2473083e55cdf', 'FirstAdmin@example.com', '0999999999', 'admin', '2025-01-13 11:00:49'),
(9, 'testuser', 'scrypt:32768:8:1$f1yf6VgmXoA3EqdG$772bcef0750444ce9dfe50118ecb491e0e2316fd756e75eacdeb692a78d38171e59c71ebd11fddf85a7eaa6bf8a3cdcc46c183c526bd67f9bb06dde378bd85e2', 'test@example.com', '1234567890', 'admin', '2025-01-13 13:10:34'),
(11, 'unittest1', 'scrypt:32768:8:1$rWJf2o23DGDGsj6l$714135160ac3188ba8408ff27b309c97c9a3f6d52c6feaf0ce21d9c2b321a8e7eafc7006140cc16cd5df9957e20c8e95d9e6bf4fbd162e5339b29ed23f904f62', 'unittest1@example.com', '1234567890', 'admin', '2025-01-13 13:18:55'),
(13, 'FirstUser', 'scrypt:32768:8:1$RhnWtgE8YWzGkbcx$97052796342f659af29b30692f035cb5d6cd376206130e51c8f7db559608346468d707491c7e7697de42e6ec9818199ccce6d7a5c2d1f8093353ac871eac18e0', 'FirstUser@example.com', '0999999999', 'member', '2025-01-27 09:16:48');

-- --------------------------------------------------------

--
-- Table structure for table `history`
--

CREATE TABLE `history` (
  `id` int(11) NOT NULL,
  `menu_id` int(11) NOT NULL,
  `quantity` int(11) NOT NULL,
  `total` int(11) NOT NULL,
  `time_stamp` datetime DEFAULT NULL
) ENGINE=InnoDB DEFAULT CHARSET=utf8mb4 COLLATE=utf8mb4_general_ci;

--
-- Dumping data for table `history`
--

INSERT INTO `history` (`id`, `menu_id`, `quantity`, `total`, `time_stamp`) VALUES
(26, 64, 1, 80, '2025-02-24 13:17:37');

-- --------------------------------------------------------

--
-- Table structure for table `ingredientpack`
--

CREATE TABLE `ingredientpack` (
  `id` int(11) NOT NULL,
  `name` varchar(255) NOT NULL,
  `description` varchar(255) NOT NULL,
  `stock` int(11) NOT NULL
) ENGINE=InnoDB DEFAULT CHARSET=utf8mb4 COLLATE=utf8mb4_general_ci;

--
-- Dumping data for table `ingredientpack`
--

INSERT INTO `ingredientpack` (`id`, `name`, `description`, `stock`) VALUES
(1, 'แพ็ก พิซซ่า', 'สำหรับทำพิซซ่า', 17),
(2, 'แพ็ก สปาเกตตี้', 'สำหรับทำสปาเก็ตตี้', 20),
(3, 'แพ็ก สเต๊ก', 'สำหรับทำสเต๊ก', 20),
(4, 'แพ็ก สลัด', 'สำหรับทำสลัด', 20),
(5, 'แพ็ก ข้าวผัด', 'สำหรับทำข้าวผัด', 19);

-- --------------------------------------------------------

--
-- Table structure for table `ingredientpackitems`
--

CREATE TABLE `ingredientpackitems` (
  `id` int(11) NOT NULL,
  `ingredient_pack_id` int(11) NOT NULL,
  `ingredient_id` int(11) NOT NULL,
  `qty` int(11) NOT NULL
) ENGINE=InnoDB DEFAULT CHARSET=utf8mb4 COLLATE=utf8mb4_general_ci;

--
-- Dumping data for table `ingredientpackitems`
--

INSERT INTO `ingredientpackitems` (`id`, `ingredient_pack_id`, `ingredient_id`, `qty`) VALUES
(41, 1, 58, 1),
(42, 1, 59, 100),
(43, 1, 60, 150),
(44, 1, 62, 100),
(45, 2, 66, 150),
(46, 2, 44, 10),
(47, 2, 46, 30),
(48, 3, 76, 150),
(49, 3, 46, 30),
(50, 3, 44, 10),
(51, 4, 79, 50),
(52, 4, 54, 100),
(53, 4, 80, 100),
(54, 4, 90, 50),
(55, 5, 41, 2),
(56, 5, 42, 200),
(57, 5, 44, 10),
(58, 5, 47, 20);

-- --------------------------------------------------------

--
-- Table structure for table `ingredients`
--

CREATE TABLE `ingredients` (
  `Ingredients_id` int(11) NOT NULL,
  `Ingredients_name` varchar(255) NOT NULL,
  `Ingredients_image` varchar(255) DEFAULT NULL,
  `Ingredients_des` varchar(255) DEFAULT NULL,
  `main_stock` int(11) DEFAULT NULL,
  `sub_stock` int(11) DEFAULT NULL,
  `unit` varchar(255) DEFAULT NULL,
  `enable` int(11) NOT NULL DEFAULT 1
) ENGINE=InnoDB DEFAULT CHARSET=utf8mb4 COLLATE=utf8mb4_general_ci;

--
-- Dumping data for table `ingredients`
--

INSERT INTO `ingredients` (`Ingredients_id`, `Ingredients_name`, `Ingredients_image`, `Ingredients_des`, `main_stock`, `sub_stock`, `unit`, `enable`) VALUES
(1, 'น้ำพีช', 'peach_juice.jpg', 'น้ำพีช: น้ำผลไม้สดรสหวานจากผลพีช', 850, 1000, 'ml', 1),
(2, 'เอสเปรสโซ่', 'espresso.jpg', 'เอสเปรสโซ่: กาแฟดำเข้มข้นในปริมาณช็อต', 997, 1000, 'shot', 1),
(3, 'น้ำส้ม', 'orange_juice.jpg', 'น้ำส้ม: น้ำผลไม้สดรสเปรี้ยวหวานจากส้ม', 1000, 1000, 'ml', 1),
(4, 'น้ำเสาวรส', 'passionfruit_juice.jpg', 'น้ำเสาวรส: น้ำผลไม้รสหวานอมเปรี้ยวจากเสาวรส', 1000, 1000, 'ml', 1),
(5, 'น้ำลิ้นจี่', 'lychee_juice.jpg', 'น้ำลิ้นจี่: น้ำผลไม้หวานหอมจากลิ้นจี่', 1000, 1000, 'ml', 1),
(6, 'นมสด', 'fresh_milk.jpg', 'นมสด: นมวัวสดรสชาติกลมกล่อม', 1000, 1000, 'ml', 1),
(7, 'น้ำอัญชัน', 'butterfly_pea_juice.jpg', 'น้ำอัญชัน: น้ำสมุนไพรสีฟ้าจากดอกอัญชัน', 1000, 1000, 'ml', 1),
(8, 'มัจฉะเข้มข้น', 'matcha_concentrate.jpg', 'มัจฉะเข้มข้น: ผงชาเขียวมัจฉะที่มีรสขมเข้มข้น', 1000, 1000, 'ml', 1),
(9, 'โซดา', 'soda.jpg', 'โซดา: น้ำอัดลมรสซ่าที่มีความเย็นสดชื่น', 1000, 1000, 'ml', 1),
(10, 'น้ำสตอเบอร์รี่', 'strawberry_juice.jpg', 'น้ำสตอเบอร์รี่: น้ำผลไม้รสหวานจากสตอเบอร์รี่', 1000, 1000, 'ml', 1),
(11, 'น้ำกีวี่', 'kiwi_juice.jpg', 'น้ำกีวี่: น้ำผลไม้จากกีวี่ที่มีรสเปรี้ยวหวาน', 1000, 1000, 'ml', 1),
(12, 'บลูฮาวาย', 'blue_hawaii.jpg', 'บลูฮาวาย: เครื่องดื่มสีฟ้าที่มีรสหวานสดชื่น', 1000, 1000, 'ml', 1),
(13, 'ชาดำ', 'black_tea.jpg', 'ชาดำ: ชาที่มีรสเข้มข้นและกลิ่นหอม', 1000, 1000, 'ml', 1),
(14, 'น้ำมะนาว', 'lemon_juice.jpg', 'น้ำมะนาว: น้ำผลไม้สดรสเปรี้ยวจากมะนาว', 1000, 1000, 'ml', 1),
(15, 'น้ำผึ้ง', 'honey.jpg', 'น้ำผึ้ง: น้ำหวานจากรังผึ้ง', 1000, 1000, 'ml', 1),
(16, 'ชาเขียว', 'green_tea.jpg', 'ชาเขียว: ชาผลิตจากใบชาเขียวที่มีรสหอมและสดชื่น', 1000, 1000, 'ml', 1),
(17, 'น้ำแอปเปิ้ล', 'apple_juice.jpg', 'น้ำแอปเปิ้ล: น้ำผลไม้รสหวานจากแอปเปิ้ล', 1000, 1000, 'ml', 1),
(18, 'ซอสคาราเมล', 'caramel_sauce.jpg', 'ซอสคาราเมล: ซอสหวานจากน้ำตาลคาราเมล', 1000, 1000, 'ml', 1),
(19, 'โกโก้เข้มข้น', 'cocoa_concentrate.jpg', 'โกโก้เข้มข้น: ผงโกโก้ที่มีรสขมเข้ม', 1000, 1000, 'ml', 1),
(20, 'น้ำแข็ง', 'ice.jpg', 'น้ำแข็ง: ก้อนน้ำแข็งที่ช่วยให้เครื่องดื่มเย็นสดชื่น', 1000, 1000, 'ml', 1),
(21, 'มิ้นท์', 'mint.jpg', 'มิ้นท์: ใบมิ้นท์ที่มีกลิ่นหอมและรสเย็น', 1000, 1000, 'ml', 1),
(22, 'นมเปรี้ยว', 'sour_milk.jpg', 'นมเปรี้ยว: นมที่มีรสเปรี้ยวจากแบคทีเรีย', 1000, 1000, 'ml', 1),
(23, 'เจลลี่', 'jelly.jpg', 'เจลลี่: ขนมหวานที่มีเนื้อเยลลี่จากผลไม้', 1000, 1000, 'ml', 1),
(24, 'น้ำกล้วย', 'banana_juice.jpg', 'น้ำกล้วย: น้ำผลไม้หวานจากกล้วย', 1000, 1000, 'ml', 1),
(25, 'ผลกล้วย', 'banana.jpg', 'ผลกล้วย: กล้วยสุกที่มีรสหวานเนื้อนุ่ม', 1000, 1000, 'unit', 1),
(26, 'กาแฟบด', 'ground_coffee.jpg', 'กาแฟบด: เมล็ดกาแฟบดที่พร้อมสำหรับการชง', 1000, 1000, 'ml', 1),
(27, 'น้ำแดง', 'red_juice.jpg', 'น้ำแดง: น้ำผลไม้รสหวานจากผลไม้แดง', 1000, 1000, 'ml', 1),
(28, 'น้ำเชื่อม', 'syrup.jpg', 'น้ำเชื่อม: ของเหลวหวานที่ทำจากน้ำตาล', 1000, 1000, 'ml', 1),
(29, 'กาแฟโอเลี้ยง', 'coffee_oleang.jpg', 'กาแฟโอเลี้ยง: กาแฟผสมกับน้ำตาลทรายแดง', 1000, 1000, 'ml', 1),
(30, 'นมข้นกวาน', 'condensed_milk.jpg', 'นมข้นกวาน: นมข้นที่หวานและข้นเป็นพิเศษ', 1000, 1000, 'ml', 1),
(31, 'โยเกิร์ต', 'yogurt.jpg', 'โยเกิร์ต: ผลิตภัณฑ์นมที่หมักแล้ว', 1000, 1000, 'ml', 1),
(32, 'มะม่วงสุก', 'ripe_mango.jpg', 'มะม่วงสุก: ผลไม้สดที่มีรสหวานจากมะม่วงสุก', 1000, 1000, 'unit', 1),
(33, 'ไวท์มอลท์', 'whitemalt.jpg', 'ไวท์มอลท์: มอลต์ขาวที่ใช้ในเครื่องดื่ม', 1000, 1000, 'ml', 1),
(34, 'โอริโอ้', 'oreo.jpg', 'โอริโอ้: คุกกี้ช็อกโกแลตยอดนิยม', 1000, 1000, 'ml', 1),
(35, 'น้ำเชื่อมผลไม้รวม', 'mixed_fruit_syrup.jpg', 'น้ำเชื่อมผลไม้รวม: น้ำเชื่อมที่มีรสชาติจากผลไม้หลากหลายชนิด', 1000, 1000, 'ml', 1),
(36, 'น้ำเชื่อมวานิลลา', 'vanilla_syrup.jpg', 'น้ำเชื่อมวานิลลา: น้ำเชื่อมหวานจากวานิลลา', 1000, 1000, 'ml', 1),
(37, 'คาราเมล', 'caramel.jpg', 'คาราเมล: น้ำตาลที่ถูกละลายจนกลายเป็นสีน้ำตาลทอง', 1000, 1000, 'ml', 1),
(38, 'น้ำเปล่า', 'water.jpg', 'น้ำเปล่า: น้ำสะอาดที่ไม่ปรุงแต่งรสชาติ', 1000, 1000, 'ml', 1),
(39, 'น้ำอัดลม', 'carbonated_drink.jpg', 'น้ำอัดลม: เครื่องดื่มที่มีฟองซ่าจากคาร์บอนไดออกไซด์', 1000, 1000, 'ml', 1),
(40, 'น้ำอัดลมใส', 'clear_carbonated_drink.jpg', 'น้ำอัดลมใส: น้ำอัดลมใสที่มีรสซ่าหอมหวาน', 1000, 1000, 'ml', 1),
(41, 'ไข่', 'egg.jpg', 'ไข่ไก่สด', 9992, 10000, 'unit', 1),
(42, 'ข้าว', 'rice.jpg', 'ข้าวหอมมะลิ', 9200, 10000, 'gram', 1),
(43, 'กุ้ง', 'shrimp.jpg', 'กุ้งสด', 9400, 10000, 'gram', 1),
(44, 'กระเทียม', 'garlic.jpg', 'กระเทียมสด', 9960, 10000, 'gram', 1),
(45, 'หอมแดง', 'shallot.jpg', 'หอมแดงสด', 10000, 10000, 'gram', 1),
(46, 'น้ำมันพืช', 'vegetable_oil.jpg', 'น้ำมันพืชสำหรับทำอาหาร', 9940, 10000, 'gram', 1),
(47, 'ซอสหอยนางรม', 'oyster_sauce.jpg', 'ซอสหอยนางรม', 9920, 10000, 'gram', 1),
(48, 'เห็ด', 'mushroom.jpg', 'เห็ดสด', 9800, 10000, 'gram', 1),
(49, 'น้ำซุป', 'broth.jpg', 'น้ำซุปใส', 10000, 10000, 'gram', 1),
(50, 'หมู', 'pork.jpg', 'หมูสด', 10000, 10000, 'gram', 1),
(51, 'ไก่', 'chicken.jpg', 'ไก่สด', 9850, 10000, 'gram', 1),
(52, 'ซอสพริก', 'chili_sauce.jpg', 'ซอสพริกเผ็ด', 10000, 10000, 'gram', 1),
(53, 'บะหมี่หยก', 'noodles.jpg', 'บะหมี่หยก', 10000, 10000, 'gram', 1),
(54, 'ผัก', 'vegetables.jpg', 'ผักสด', 10000, 10000, 'gram', 1),
(55, 'แซลม่อน', 'salmon.jpg', 'แซลม่อนสด', 10000, 10000, 'gram', 1),
(56, 'ซอสเทริยากิ', 'teriyaki_sauce.jpg', 'ซอสเทริยากิ', 10000, 10000, 'gram', 1),
(57, 'ซอสเขียวหวาน', 'green_curry_sauce.jpg', 'ซอสเขียวหวาน', 10000, 10000, 'gram', 1),
(58, 'แป้งพิซซ่า', 'pizza_dough.jpg', 'แป้งพิซซ่า', 9999, 10000, 'gram', 1),
(59, 'ซอสมะเขือเทศ', 'tomato_sauce.jpg', 'ซอสมะเขือเทศ', 9900, 10000, 'gram', 1),
(60, 'ชีส', 'cheese.jpg', 'ชีสสด', 9850, 10000, 'gram', 1),
(61, 'แฮม', 'ham.jpg', 'แฮม', 9800, 10000, 'gram', 1),
(62, 'สับปะรด', 'pineapple.jpg', 'สับปะรดสด', 9900, 10000, 'gram', 1),
(63, 'ทูน่า', 'tuna.jpg', 'ทูน่าสด', 10000, 10000, 'gram', 1),
(64, 'ผักโขม', 'spinach.jpg', 'ผักโขมสด', 10000, 10000, 'gram', 1),
(65, 'ปลาหมึก', 'squid.jpg', 'ปลาหมึกสด', 10000, 10000, 'gram', 1),
(66, 'สปาเก็ตตี้', 'spaghetti.jpg', 'สปาเก็ตตี้', 10000, 10000, 'gram', 1),
(67, 'เบคอน', 'bacon.jpg', 'เบคอน', 10000, 10000, 'gram', 1),
(68, 'ครีม', 'cream.jpg', 'ครีมสด', 10000, 10000, 'gram', 1),
(69, 'ทะเล', 'seafood.jpg', 'อาหารทะเลสด', 10000, 10000, 'gram', 1),
(70, 'พริกขี้หนู', 'bird_chili.jpg', 'พริกขี้หนูสด', 10000, 10000, 'gram', 1),
(71, 'ไข่กุ้ง', 'roe_egg.jpg', 'ไข่กุ้งสด', 10000, 10000, 'unit', 1),
(72, 'ซอสโชยุ', 'soy_sauce.jpg', 'ซอสโชยุ', 10000, 10000, 'gram', 1),
(73, 'พริกแห้ง', 'dried_chili.jpg', 'พริกแห้ง', 10000, 10000, 'gram', 1),
(74, 'น้ำส้ม', 'orange_juice.jpg', 'น้ำส้มคั้นสด', 10000, 10000, 'gram', 1),
(75, 'เนื้อหมู', 'pork_meat.jpg', 'เนื้อหมูสด', 10000, 10000, 'gram', 1),
(76, 'มันฝรั่ง', 'potato.jpg', 'มันฝรั่งสด', 10000, 10000, 'gram', 1),
(77, 'เนื้อโคขุน', 'beef_cow.jpg', 'เนื้อโคขุน', 10000, 10000, 'gram', 1),
(78, 'ซอส', 'sauce.jpg', 'ซอสปรุงรส', 10000, 10000, 'gram', 1),
(79, 'น้ำสลัด', 'salad_dressing.jpg', 'น้ำสลัด', 10000, 10000, 'gram', 1),
(80, 'ปูอัด', 'crab_stick.jpg', 'ปูอัด', 10000, 10000, 'gram', 1),
(81, 'ขนมปัง', 'bread.jpg', 'ขนมปังสด', 10000, 10000, 'gram', 1),
(82, 'ปีกไก่', 'chicken_wing.jpg', 'ปีกไก่สด', 10000, 10000, 'gram', 1),
(83, 'ซอสทรัฟเฟิล', 'truffle_sauce.jpg', 'ซอสทรัฟเฟิล', 10000, 10000, 'gram', 1),
(84, 'ซอสชีส', 'cheese_sauce.jpg', 'ซอสชีส', 10000, 10000, 'gram', 1),
(85, 'ซอสซีซ่าดิป', 'caesar_dip_sauce.jpg', 'ซอสซีซ่าดิป', 10000, 10000, 'gram', 1),
(86, 'ขนมจีบ', 'dumplings.jpg', 'ขนมจีบ', 10000, 10000, 'gram', 1),
(87, 'วาฟเฟิล', 'waffle.jpg', 'วาฟเฟิล', 10000, 10000, 'gram', 1),
(88, 'ไอศกรีม', 'ice_cream.jpg', 'ไอศกรีม', 10000, 10000, 'gram', 1),
(89, 'กล้วยหอม', 'banana.jpg', 'กล้วยหอม', 49, 300, 'unit', 1),
(90, 'แป้งทอด', 'batter_flour.jpg', 'แป้งทอดกรอบ', 10000, 10000, 'gram', 1),
(91, 'แป้ง', 'flour.jpg', 'แป้งสาลี', 9600, 10000, 'gram', 1),
(92, 'น้ำตาล', 'sugar.jpg', 'น้ำตาลทราย', 9940, 10000, 'gram', 1),
(93, 'น้ำผึ้ง', 'honey.jpg', 'น้ำผึ้งแท้', 9960, 10000, 'gram', 1);

-- --------------------------------------------------------

--
-- Table structure for table `menu`
--

CREATE TABLE `menu` (
  `id` int(11) NOT NULL,
  `type_id` int(11) NOT NULL,
  `name` varchar(255) NOT NULL,
  `image` varchar(255) DEFAULT NULL,
  `des` varchar(255) DEFAULT NULL,
  `price` int(11) DEFAULT NULL,
  `tag` varchar(255) DEFAULT NULL,
  `Warning` varchar(255) DEFAULT NULL,
  `enable` int(11) NOT NULL DEFAULT 1
) ENGINE=InnoDB DEFAULT CHARSET=utf8mb4 COLLATE=utf8mb4_general_ci;

--
-- Dumping data for table `menu`
--

INSERT INTO `menu` (`id`, `type_id`, `name`, `image`, `des`, `price`, `tag`, `Warning`, `enable`) VALUES
(1, 1, 'อเมริกาโน่พีช', 'americano_peach.png', 'อเมริกาโน่พีช อเมริกาโน่เข้มข้นผสมน้ำพีชหอมหวานสดชื่น', 65, 'กาแฟ', NULL, 1),
(2, 1, 'อเมริกาโน่น้ำส้ม', 'americano_orange.png', 'อเมริกาโน่น้ำส้ม กาแฟอเมริกาโน่ผสมน้ำส้มสด เติมความเปรี้ยวหวาน', 55, 'กาแฟ', NULL, 1),
(3, 1, 'อเมริกาโน่เสาวรส', 'americano_passionfruit.png', 'อเมริกาโน่เสาวรส กาแฟดำผสมน้ำเสาวรส เปรี้ยวสดชื่นลงตัว', 55, 'กาแฟ', NULL, 1),
(4, 1, 'อเมริกาโน่ลิ้นจี่', 'americano_lychee.png', 'อเมริกาโน่ลิ้นจี่ อเมริกาโน่กลิ่นลิ้นจี่หอมหวานชื่นใจ', 50, 'กาแฟ', NULL, 1),
(5, 1, 'บัทเทอฟราย คาเฟ่ลาเต้', 'butterfly_cafe_latte.png', 'บัทเทอร์ฟราย คาเฟ่ลาเต้ ลาเต้รสเนียนนุ่มพร้อมความหอมจากดอกอัญชัน', 60, NULL, NULL, 1),
(6, 1, 'มัจฉะ คาเฟ่ลาเต้', 'matcha_cafe_latte.png', 'มัจฉะ คาเฟ่ลาเต้ ผสมผสานระหว่างมัทฉะหอมและลาเต้นุ่มละมุน', 70, 'ชาเขียว', NULL, 1),
(7, 1, 'สตอเบอร์รี่โซดา', 'strawberry_soda.png', 'สตอเบอร์รี่โซดา น้ำสตรอเบอร์รี่ผสมโซดา เปรี้ยวหวานซ่า', 50, 'ผลไม้', NULL, 1),
(8, 1, 'เสาวรสโซดา', 'passionfruit_soda.png', 'เสาวรสโซดา น้ำเสาวรสเปรี้ยวสดใสผสมโซดาซ่าชื่นใจ', 50, 'ผลไม้', NULL, 1),
(9, 1, 'ลิ้นจี่โซดา', 'lychee_soda.png', 'ลิ้นจี่โซดา น้ำลิ้นจี่หอมหวานซ่าเติมความสดชื่น', 50, 'ผลไม้', NULL, 1),
(10, 1, 'กีวี่โซดา', 'kiwi_soda.png', 'กีวี่โซดา น้ำกีวี่สดใสผสมโซดาเปรี้ยวหวาน', 50, 'ผลไม้', NULL, 1),
(11, 1, 'บลูฮาวายโซดา', 'blue_hawaii_soda.png', 'บลูฮาวายโซดา น้ำบลูฮาวายหอมซ่า รสหวานสดใส', 50, NULL, NULL, 1),
(12, 1, 'ชามะนาว', 'lemon_tea.png', 'ชามะนาว ชาเข้มผสมน้ำมะนาวเปรี้ยวสดชื่น', 50, 'ผลไม้', NULL, 1),
(13, 1, 'ชาน้ำผึ้งมะนาว', 'honey_lemon_tea.png', 'ชาน้ำผึ้งมะนาว ชาหอมกลิ่นน้ำผึ้งมะนาว อร่อยกลมกล่อม', 60, 'ผลไม้', NULL, 1),
(14, 1, 'ชาแอปเปิ้ล', 'apple_tea.png', 'ชาแอปเปิ้ล ชาหอมกลิ่นแอปเปิ้ลหวานอมเปรี้ยว', 50, 'ผลไม้', NULL, 1),
(15, 1, 'ชาพีช', 'peach_tea.png', 'ชาพีช ชาพีชกลิ่นหอมหวานสดชื่น', 50, 'ผลไม้', NULL, 1),
(16, 1, 'คาราเมล มัคคิอาโต้', 'caramel_macchiato.png', 'คาราเมล มัคคิอาโต้ เอสเปรสโซ่ผสมคาราเมลหอมหวาน', 60, NULL, NULL, 1),
(17, 1, 'คอฟฟี่ อินเลิฟ', 'coffee_in_love.png', 'คอฟฟี่ อินเลิฟ กาแฟสูตรพิเศษสำหรับคนรักกาแฟ', 40, 'กาแฟ', NULL, 1),
(18, 1, 'โกโก้', 'cocoa.png', 'โกโก้ โกโก้เข้มข้นเย็นสดชื่นหรือปั่นละมุน', 40, NULL, NULL, 1),
(19, 1, 'โกโก้มิ้น', 'cocoa_mint.png', 'โกโก้มิ้น โกโก้ผสมมิ้นหอมเย็นสดชื่น', 50, NULL, NULL, 1),
(20, 1, 'แบล็คพิ้ง', 'black_pink.png', 'แบล็คพิ้ง กาแฟดำผสมนมชมพูรสกลมกล่อม', 70, NULL, NULL, 1),
(21, 1, 'โกโก้กล้วย', 'cocoa_banana.png', 'โกโก้กล้วย โกโก้หอมกลิ่นกล้วยรสหวานละมุน', 40, NULL, NULL, 1),
(22, 1, 'มัจฉะ ช็อคโก้', 'matcha_choco.png', 'มัจฉะ ช็อคโก้ ช็อกโกแลตผสมมัทฉะหอมหวานเข้มข้น', 65, 'ชาเขียว', NULL, 1),
(23, 1, 'มัจฉะ', 'matcha.png', 'มัจฉะ ชามัทฉะคุณภาพหอมเข้มข้น', 60, 'ชาเขียว', NULL, 1),
(24, 1, 'เจลลี่นมเปรี่ยวปั่น', 'jelly_yogurt_smoothie.png', 'เจลลี่นมเปรี้ยวปั่น นมเปรี้ยวปั่นใส่เจลลี่เคี้ยวสนุก', 60, NULL, NULL, 1),
(25, 1, 'นมกล้วยเกาหลี', 'korean_banana_milk.png', 'นมกล้วยเกาหลี นมสดผสมกลิ่นกล้วยหอมหวาน', 60, NULL, NULL, 1),
(26, 1, 'เอสเปรสโซ่', 'espresso.png', 'เอสเปรสโซ่ (ร้อน/เย็น) กาแฟเอสเปรสโซ่เข้มข้นรสชาติเต็มแก้ว', 50, 'กาแฟ', NULL, 1),
(27, 1, 'อเมริกาโน่', 'americano.png', 'อเมริกาโน่ (ร้อน/เย็น) กาแฟดำเข้มข้น รสชาตินุ่มลึก', 50, 'กาแฟ', NULL, 1),
(28, 1, 'ม็อคค่า', 'mocha.png', 'ม็อคค่า (ร้อน/เย็น/ปั่น) กาแฟผสมช็อกโกแลตรสกลมกล่อม', 50, 'กาแฟ', NULL, 1),
(29, 1, 'คาปูชิโน่', 'cappuccino.png', 'คาปูชิโน่ (ร้อน/เย็น/ปั่น) กาแฟนมฟองนุ่มหอมละมุน', 50, 'กาแฟ', NULL, 1),
(30, 1, 'ลาเต้', 'latte.png', 'ลาเต้ (ร้อน/เย็น/ปั่น) กาแฟลาเต้หอมนุ่มละมุน', 50, 'กาแฟ', NULL, 1),
(31, 1, 'นมสด', 'fresh_milk.png', 'นมสด (คาราเมล/นมวานิลลา) นมสดรสกลมกล่อมผสมกลิ่นหอม', 35, NULL, NULL, 1),
(32, 1, 'ชานม', 'milk_tea.png', 'ชานม (เย็น/ปั่น) ชานมรสเข้มข้นหวานหอม', 40, NULL, NULL, 1),
(33, 1, 'ชาเขียว', 'green_tea.png', 'ชาเขียว (เย็น/ปั่น) ชาเขียวกลมกล่อมสดชื่น', 45, 'ชาเขียว', NULL, 1),
(34, 1, 'นมชมพู', 'pink_milk.png', 'นมชมพู (เย็น/ปั่น) นมเย็นสีชมพูหวานหอม', 40, NULL, NULL, 1),
(35, 1, 'ปรุงซิกเนเจอร์คอฟฟี่', 'proud_signature_coffee.png', 'ปรุงซิกเนเจอร์คอฟฟี่ กาแฟสูตรพิเศษที่คุณต้องลอง', 70, NULL, NULL, 1),
(36, 1, 'โอเลี้ยงจ้ำบ๊ะ', 'oleang_special.png', 'โอเลี้ยงจ้ำบ๊ะ โอเลี้ยงหอมเย็นใส่เครื่องพิเศษ', 50, NULL, NULL, 1),
(37, 1, 'ทูโทนที', 'two_tone_tea.png', 'ทูโทนที ชาผสมสองรสชาติในแก้วเดียว', 60, NULL, NULL, 1),
(38, 1, 'ชาโก้', 'thai_tea_cocoa.png', 'ชาโก้ ชาไทยผสมโกโก้หอมอร่อย', 50, NULL, NULL, 1),
(39, 1, 'มัจฉะสตอเบอร์รี่', 'matcha_strawberry.png', 'มัจฉะสตรอเบอร์รี่ มัทฉะผสมสตรอเบอร์รี่เปรี้ยวหวาน', 85, 'ชาเขียว', NULL, 1),
(40, 1, 'สตอเบอร์รี่โยเกิร์ตปั่น', 'strawberry_yogurt_smoothie.png', 'สตอเบอร์รี่โยเกิร์ตปั่น โยเกิร์ตรสสตรอเบอร์รี่หวานละมุน', 70, 'ผลไม้', NULL, 1),
(41, 1, 'มะม่วงปั่น', 'mango_smoothie.png', 'มะม่วงปั่น น้ำมะม่วงสดปั่นเย็นชื่นใจ', 65, 'ผลไม้', NULL, 1),
(42, 1, 'ไวท์มอลต์ปั่น', 'white_malt_smoothie.png', 'ไวท์มอลต์ปั่น เครื่องดื่มไวท์มอลต์หวานหอมปั่น', 45, NULL, NULL, 1),
(43, 1, 'โอริโอ้ปั่น', 'oreo_smoothie.png', 'โอริโอ้ปั่น นมสดผสมโอริโอ้เคี้ยวกรุบ', 55, NULL, NULL, 1),
(44, 1, 'ซัมเมอร์พั้นซ์โซดา', 'summer_punch_soda.png', 'ซัมเมอร์พั้นซ์โซดา น้ำผลไม้รวมรสซ่าหวานสดชื่น', 65, NULL, NULL, 1),
(45, 1, 'มัจฉะร้อน', 'hot_matcha.png', 'มัจฉะร้อน ชามัทฉะร้อนหอมเข้ม', 45, 'ชาเขียว', NULL, 1),
(46, 1, 'โกโก้ร้อน', 'hot_cocoa.png', 'โกโก้ร้อน โกโก้ร้อนเข้มข้นกลมกล่อม', 45, NULL, NULL, 1),
(47, 1, 'นมวานิลลาร้อน', 'hot_vanilla_milk.png', 'นมวานิลลาร้อน นมรสวานิลลาหวานหอม', 45, NULL, NULL, 1),
(48, 1, 'นมคาราเมลร้อน', 'hot_caramel_milk.png', 'นมคาราเมลร้อน นมหอมคาราเมลละมุนละไม', 40, NULL, NULL, 1),
(49, 1, 'น้ำเปล่า', 'pure_water.png', 'น้ำเปล่า น้ำเปล่าบริสุทธิ์สดชื่น', 10, NULL, NULL, 1),
(50, 1, 'โค้ก', 'coke.png', 'โค้ก น้ำอัดลมรสซ่าหวานเย็น', 20, NULL, NULL, 1),
(51, 1, 'สไปรท์', 'sprite.png', 'สไปรท์ น้ำอัดลมรสเลมอนซ่าชื่นใจ', 20, NULL, NULL, 1),
(52, 1, 'น้ำแดง', 'red_syrup.png', 'น้ำแดง น้ำหวานสีแดงรสสดชื่น', 20, NULL, NULL, 1),
(53, 1, 'น้ำแข็งเปล่า', 'plain_ice.png', 'น้ำแข็งเปล่า น้ำแข็งเย็นสดชื่นพร้อมเสิร์ฟ', 5, NULL, NULL, 1),
(54, 2, 'ข้าวไข่ข้น กุ้งผัดพริกขี้หนูสวน', 'shrimp_garlic_rice.png', 'ข้าวไข่ข้น กุ้งผัดพริกขี้หนูสวน ข้าวไข่ข้นหอมมัน เสิร์ฟพร้อมกุ้งผัดพริกขี้หนูเผ็ดร้อน', 75, 'เมนูไข่', 'มีกุ้งเป็นส่วนผสม ผู้แพ้มันกุ้งโปรดระมัดระวัง', 1),
(55, 2, 'ข้าวไข่ข้น กุ้งกระเทียม', 'garlic_shrimp_rice.png', 'ข้าวไข่ข้น กุ้งกระเทียม ข้าวไข่ข้นนุ่มละมุน เสิร์ฟพร้อมกุ้งผัดกระเทียมหอมกรอบ', 60, 'เมนูไข่', 'มีกุ้งเป็นส่วนผสม ผู้แพ้มันกุ้งโปรดระมัดระวัง', 1),
(56, 2, 'ข้าวไข่ข้น ต้มยำทะเล', 'tomyam_seafood_rice.png', 'ข้าวไข่ข้น ต้มยำทะเล ข้าวไข่ข้น เสิร์ฟพร้อมต้มยำทะเลรสจัดจ้าน', 85, 'เมนูไข่', NULL, 1),
(57, 2, 'ข้าวผัดปรุง', 'signature_fried_rice.png', 'ข้าวผัดปรุง ข้าวผัดสูตรพิเศษกลมกล่อมหอมเครื่องปรุง', 50, NULL, NULL, 1),
(58, 2, 'ข้าวผัดทะเลหรือปู', 'seafood_or_crab_fried_rice.png', 'ข้าวผัด (ทะเล/ปูมูนุ่ม) ข้าวผัดร้อน ๆ หอมมัน เสิร์ฟพร้อมซีฟู้ดหรือปูสด', 60, NULL, NULL, 1),
(59, 2, 'ข้าวกะเพราแซ่บ', 'spicy_basil_rice.png', 'ข้าวกะเพราแซ่บ (หมู/เนื้อโคขุน) ข้าวราดกะเพรารสแซ่บเข้มข้น เลือกได้ทั้งหมูหรือเนื้อ', 60, NULL, NULL, 1),
(60, 2, 'ข้าวไก่ย่างสไปซี่', 'spicy_grilled_chicken_rice.png', 'ข้าวไก่ย่างสไปซี่ ไก่ย่างหมักเครื่องเทศรสจัดจ้าน เสิร์ฟพร้อมข้าวสวย', 60, NULL, NULL, 1),
(61, 2, 'บะหมี่หยกไก่ย่าง', 'green_noodle_grilled_chicken.png', 'บะหมี่หยกเหนียวนุ่ม เสิร์ฟพร้อมไก่ย่างหอมเครื่องเทศ', 55, '', '', 1),
(62, 2, 'ข้าวแซลม่อนเทริยากิ', 'teriyaki_salmon_rice.png', 'ข้าวสวยร้อน ๆ กับแซลม่อนซอสเทริยากิหอมหวาน', 75, '', '', 1),
(63, 2, 'ข้าวไก่ทอดซอสเขียวหวาน', 'fried_chicken_green_curry_rice.png', 'ไก่ทอดกรอบ เสิร์ฟพร้อมซอสเขียวหวานรสกลมกล่อม', 65, '', '', 1),
(64, 3, 'พิซซ่ามาร์การิต้า', 'margarita_pizza.png', 'พิซซ่าซอสซอสมะเขือเทศและชีสหอมกรุ่น', 80, '', '', 1),
(65, 3, 'พิซซ่าแฮมและเห็ด', 'ham_mushroom_pizza.png', 'พิซซ่าหน้าแฮมและเห็ดรสกลมกล่อม', 80, '', '', 1),
(66, 3, 'พิซซ่าฮาวาย', 'hawaiian_pizza.png', 'พิซซ่าหน้าสับปะรดและแฮม รสเปรี้ยวหวานลงตัว', 80, '', '', 1),
(67, 3, 'พิซซ่าทูน่าผักโขม', 'tuna_spinach_pizza.png', 'พิซซ่าหน้าทูน่าผสมผักโขมหอมอร่อย', 70, '', '', 1),
(68, 3, 'พิซซ่าซีฟู้ดไอแลนด์', 'seafood_island_pizza.png', 'พิซซ่าหน้าซีฟู้ดสด รสชาติหลากหลาย', 90, '', '', 1),
(69, 3, 'พิซซ่าสโมคแซลม่อน', 'smoked_salmon_pizza.png', 'พิซซ่าหน้าแซลม่อนรมควัน หอมมัน', 90, '', '', 1),
(70, 3, 'พิซซ่าแบล็คทรัฟเฟิล', 'black_truffle_pizza.png', 'พิซซ่ารสเลิศพร้อมกลิ่นทรัฟเฟิลหอมฟุ้ง', 100, '', '', 1),
(71, 4, 'สปาเก็ตตี้คาโบนาร่า', 'carbonara_spaghetti.png', 'เส้นสปาเก็ตตี้คลุกซอสคาโบนาร่าเข้มข้น', 50, '', '', 1),
(72, 4, 'สปาเก็ตตี้ขี้เมาทะเล', 'spicy_seafood_spaghetti.png', 'สปาเก็ตตี้ผัดขี้เมา รสจัดจ้านพร้อมซีฟู้ด', 50, '', '', 1),
(73, 4, 'สปาเก็ตตี้โชยุไข่กุ้ง', 'soy_sauce_roe_spaghetti.png', 'สปาเก็ตตี้ผัดซอสโชยุ โรยไข่กุ้งเพิ่มรสชาติ', 65, 'มีกุ้งเป็นส่วนผสม ผู้แพ้มันกุ้งโปรดระมัดระวัง', '', 1),
(74, 4, 'สปาเก็ตตี้เบค่อนพริกแห้ง', 'bacon_dry_chili_spaghetti.png', 'สปาเก็ตตี้ผัดเบค่อนและพริกแห้งหอมกรอบ', 60, '', '', 1),
(75, 4, 'เซ็ทอาหาร เสริฟพร้อมน้ำส้ม (ออมเล็ต/ไข่คน/ไข่กระทะ)', 'breakfast_set_with_orange_juice.png', 'ชุดอาหารเช้าพร้อมน้ำส้มสดชื่น', 70, '', '', 1),
(76, 5, 'สเต็กสันคอหมู', 'pork_steak.png', 'สเต็กหมูสันคอหมักเครื่องเทศย่างหอมกรุ่น', 70, '', '', 1),
(77, 5, 'สเต็กไก่สไปซี่', 'spicy_chicken_steak.png', 'สเต็กไก่หมักซอสเผ็ดร้อนกลมกล่อม', 65, '', '', 1),
(78, 5, 'สเต็กเนื้อริบอายโคขุน', 'ribeye_beef_steak.png', 'เนื้อริบอายโคขุนย่างนุ่มชุ่มฉ่ำ', 120, '', '', 1),
(79, 5, 'สเต็กเนื้อทีโบน ออสเตรเลีย', 'tbone_beef_steak_australia.png', 'สเต็กเนื้อทีโบนคุณภาพชั้นเยี่ยมจากออสเตรเลีย', 100, '', '', 1),
(80, 6, 'สลัดไก่สไปซี่', 'spicy_chicken_salad.png', 'สลัดผักสดกรอบ เสิร์ฟพร้อมไก่ย่างสไปซี่', 50, '', '', 1),
(81, 6, 'สลัดปูอัดไข่กุ้ง', 'crab_stick_roe_salad.png', 'สลัดผักสด เพิ่มรสชาติด้วยปูอัดและไข่กุ้ง', 50, '', 'มีกุ้งเป็นส่วนผสม ผู้แพ้มันกุ้งโปรดระมัดระวัง', 1),
(82, 6, 'สลัดผัก', 'vegetable_salad.png', 'สลัดผักสดกรอบ เสิร์ฟพร้อมน้ำสลัดตามชอบ', 30, '', '', 1),
(83, 7, 'ข้าวไข่ขยี้กุ้ง', 'scrambled_egg_shrimp_rice.png', 'ข้าวไข่ขยี้นุ่มละมุน เสิร์ฟพร้อมกุ้งสดหวาน', 50, '', 'มีกุ้งเป็นส่วนผสม ผู้แพ้มันกุ้งโปรดระมัดระวัง', 1),
(84, 7, 'ข้าวผัดคุณหนู', 'egg_fried_rice_salmon.png', 'ข้าวผัดไข่หอมมัน เสิร์ฟพร้อมแซลม่อนย่าง', 50, '', '', 1),
(85, 7, 'ข้าวไก่ชิคกี้บอม', 'fried_chicken_rice.png', 'ข้าวราดไก่ทอดกรอบ รสชาติกลมกล่อม', 45, '', '', 1),
(86, 8, 'ชีสบอล', 'cheese_ball.png', 'ชีสบอลกรอบนอกนุ่มใน หอมอร่อย', 20, '', '', 1),
(87, 8, 'ชิคเก้นป๊อป', 'chicken_pop.png', 'ไก่ทอดชิ้นเล็ก กรอบอร่อยพอดีคำ', 20, '', '', 1),
(88, 8, 'ปีกไก่ทอด', 'fried_chicken_wing.png', 'ปีกไก่ทอดกรอบ หอมเครื่องเทศ', 20, '', '', 1),
(89, 8, 'ขนมปังชีส', 'cheese_bread.png', 'ขนมปังอบชีสยืดหอมมัน', 20, '', '', 1),
(90, 8, 'ผักโขมอบชีส', 'cheese_baked_spinach.png', 'ผักโขมอบชีสร้อน ๆ หอมเยิ้ม', 20, '', '', 1),
(91, 8, 'เฟรนฟราย', 'french_fries.png', 'มันฝรั่งทอดกรอบ เสิร์ฟพร้อมซอสดิป', 20, '', '', 1),
(92, 8, 'เฟรนฟราย+ซอสทรัฟเฟิล', 'french_fries_truffle_sauce.png', 'เฟรนฟรายราดซอสทรัฟเฟิลหอมละมุน', 30, '', '', 1),
(93, 8, 'เฟรนฟราย+ซีสซี่ดิป', 'french_fries_cheese_dip.png', 'เฟรนฟรายกรอบ เสิร์ฟพร้อมชีสดิปเข้มข้น', 25, '', '', 1),
(94, 8, 'มิกซ์ฟราย', 'mix_fries.png', 'รวมของทอดกรอบหลายชนิดในจานเดียว', 20, '', '', 1),
(95, 8, 'กุ้งตะเกียบ', 'shrimp_kabayaki.png', 'กุ้งชุบแป้งทอด เสิร์ฟพร้อมซอส', 30, '', 'มีกุ้งเป็นส่วนผสม ผู้แพ้มันกุ้งโปรดระมัดระวัง', 1),
(96, 8, 'ขนมจีบไข่กุ้ง', 'roe_dim_sum.png', 'ขนมจีบเนื้อแน่น โรยไข่กุ้งเพิ่มความอร่อย', 30, '', 'มีกุ้งเป็นส่วนผสม ผู้แพ้มันกุ้งโปรดระมัดระวัง', 1),
(97, 8, 'วาฟเฟิลไอศกรีม', 'waffle_ice_cream.png', 'วาฟเฟิลกรอบนอกนุ่มใน เสิร์ฟพร้อมไอศกรีม', 30, '', '', 1),
(98, 8, 'กล้วยหอมทอด', 'fried_banana.png', 'กล้วยหอมทอดกรอบ หวานหอมลงตัว', 20, '', '', 1),
(115, 5, 'สเต็กเนื้อพิคานย่าดรายเอจอัพเดท', 'pikanya_steak.png', 'เนื้อนุ่ม ชุ่มฉ่ำ รสเข้มข้น', 450, '', '', 1),
(116, 5, 'สเต็กเนื้อพิคานย่าดรายเอจ 45 วัน', 'pikanya_steak.png', 'หกดหฟด', 990, '', '', 1),
(117, 5, 'test01', 'butterfly_cafe_latte.png', 'dasfdsaf', 1000, '', '', 1),
(118, 5, 'test02', 'fried_chicken_rice.png', 'asdfasf', 2000, '', '', 1);

-- --------------------------------------------------------

--
-- Table structure for table `menuingredientpack`
--

CREATE TABLE `menuingredientpack` (
  `id` int(11) NOT NULL,
  `menu_id` int(11) NOT NULL,
  `ingredient_pack_id` int(11) NOT NULL,
  `qty` int(11) NOT NULL
) ENGINE=InnoDB DEFAULT CHARSET=utf8mb4 COLLATE=utf8mb4_general_ci;

--
-- Dumping data for table `menuingredientpack`
--

INSERT INTO `menuingredientpack` (`id`, `menu_id`, `ingredient_pack_id`, `qty`) VALUES
(1, 54, 5, 1),
(2, 55, 5, 1),
(3, 56, 5, 1),
(4, 57, 5, 1),
(5, 58, 5, 1),
(6, 59, 5, 1),
(7, 60, 5, 1),
(8, 62, 5, 1),
(9, 63, 5, 1),
(10, 64, 1, 1),
(11, 65, 1, 1),
(12, 66, 1, 1),
(13, 67, 1, 1),
(14, 68, 1, 1),
(15, 69, 1, 1),
(16, 70, 1, 1),
(17, 71, 2, 1),
(18, 72, 2, 1),
(19, 73, 2, 1),
(20, 74, 2, 1),
(21, 75, 5, 1),
(22, 76, 3, 1),
(23, 77, 3, 1),
(24, 78, 3, 1),
(25, 79, 3, 1),
(26, 80, 4, 1),
(27, 81, 4, 1),
(28, 82, 4, 1),
(29, 83, 5, 1),
(30, 84, 5, 1),
(31, 85, 5, 1);

-- --------------------------------------------------------

--
-- Table structure for table `menuingredients`
--

CREATE TABLE `menuingredients` (
  `MenuIngredients_id` int(11) NOT NULL,
  `menu_id` int(11) NOT NULL,
  `ingredient_id` int(11) NOT NULL,
  `volume` int(11) DEFAULT NULL,
  `unit` varchar(255) DEFAULT NULL
) ENGINE=InnoDB DEFAULT CHARSET=utf8mb4 COLLATE=utf8mb4_general_ci;

--
-- Dumping data for table `menuingredients`
--

INSERT INTO `menuingredients` (`MenuIngredients_id`, `menu_id`, `ingredient_id`, `volume`, `unit`) VALUES
(1, 1, 1, 50, 'ml'),
(2, 1, 2, 1, 'shot'),
(3, 2, 3, 50, 'ml'),
(4, 2, 2, 1, 'shot'),
(5, 3, 4, 50, 'ml'),
(6, 3, 2, 1, 'shot'),
(7, 4, 5, 50, 'ml'),
(8, 4, 2, 1, 'shot'),
(9, 5, 6, 200, 'ml'),
(10, 5, 7, 30, 'ml'),
(11, 5, 2, 1, 'shot'),
(12, 6, 6, 200, 'ml'),
(13, 6, 8, 30, 'ml'),
(14, 6, 2, 1, 'shot'),
(15, 7, 10, 50, 'ml'),
(16, 7, 9, 150, 'ml'),
(17, 8, 4, 50, 'ml'),
(18, 8, 9, 150, 'ml'),
(19, 9, 5, 50, 'ml'),
(20, 9, 9, 150, 'ml'),
(21, 10, 11, 50, 'ml'),
(22, 10, 9, 150, 'ml'),
(23, 11, 12, 50, 'ml'),
(24, 11, 9, 150, 'ml'),
(25, 12, 13, 150, 'ml'),
(26, 12, 14, 20, 'ml'),
(27, 13, 13, 150, 'ml'),
(28, 13, 15, 15, 'ml'),
(29, 14, 16, 150, 'ml'),
(30, 14, 17, 50, 'ml'),
(31, 15, 16, 150, 'ml'),
(32, 15, 1, 50, 'ml'),
(33, 16, 6, 200, 'ml'),
(34, 16, 2, 1, 'shot'),
(35, 16, 18, 10, 'ml'),
(36, 17, 2, 1, 'shot'),
(37, 17, 6, 150, 'ml'),
(38, 18, 19, 30, 'ml'),
(39, 18, 20, 200, 'ml'),
(40, 19, 19, 30, 'ml'),
(41, 19, 20, 10, 'ml'),
(42, 20, 7, 50, 'ml'),
(43, 20, 10, 20, 'ml'),
(44, 21, 19, 30, 'ml'),
(45, 21, 25, 1, 'unit'),
(46, 22, 8, 30, 'ml'),
(47, 22, 19, 15, 'ml'),
(48, 23, 8, 30, 'ml'),
(49, 23, 6, 200, 'ml'),
(50, 24, 22, 150, 'ml'),
(51, 24, 23, 50, 'ml'),
(52, 25, 6, 200, 'ml'),
(53, 25, 24, 20, 'ml'),
(54, 26, 26, 10, 'ml'),
(55, 27, 2, 1, 'shot'),
(56, 28, 19, 15, 'ml'),
(57, 28, 6, 150, 'ml'),
(58, 29, 2, 1, 'shot'),
(59, 29, 6, 150, 'ml'),
(60, 30, 2, 1, 'shot'),
(61, 31, 6, 200, 'ml'),
(62, 32, 13, 150, 'ml'),
(63, 32, 20, 200, 'ml'),
(64, 33, 16, 30, 'ml'),
(65, 33, 6, 150, 'ml'),
(66, 34, 27, 30, 'ml'),
(67, 34, 20, 200, 'ml'),
(68, 35, 2, 1, 'shot'),
(69, 35, 28, 10, 'ml'),
(70, 35, 6, 150, 'ml'),
(71, 36, 29, 150, 'ml'),
(72, 36, 30, 20, 'ml'),
(73, 37, 13, 100, 'ml'),
(74, 37, 6, 100, 'ml'),
(75, 38, 2, 1, 'shot'),
(76, 38, 19, 30, 'ml'),
(77, 38, 6, 150, 'ml'),
(78, 39, 8, 30, 'ml'),
(79, 39, 10, 20, 'ml'),
(80, 40, 31, 100, 'ml'),
(81, 40, 10, 50, 'ml'),
(82, 41, 28, 200, 'ml'),
(83, 41, 32, 20, 'ml'),
(84, 42, 33, 30, 'ml'),
(85, 42, 20, 200, 'ml'),
(86, 43, 34, 3, 'unit'),
(87, 43, 6, 200, 'ml'),
(88, 44, 35, 30, 'ml'),
(89, 44, 20, 200, 'ml'),
(90, 45, 8, 30, 'ml'),
(91, 45, 6, 150, 'ml'),
(92, 46, 19, 30, 'ml'),
(93, 46, 6, 150, 'ml'),
(94, 47, 6, 200, 'ml'),
(95, 47, 36, 10, 'ml'),
(96, 48, 6, 200, 'ml'),
(97, 48, 37, 10, 'ml'),
(98, 49, 38, 1, 'unit'),
(99, 50, 39, 1, 'unit'),
(100, 51, 40, 1, 'ml'),
(101, 52, 27, 50, 'ml'),
(102, 52, 20, 200, 'ml'),
(103, 53, 20, 200, 'ml'),
(104, 54, 43, 150, 'gram'),
(105, 55, 43, 150, 'gram'),
(106, 56, 43, 150, 'gram'),
(107, 57, 48, 100, 'gram'),
(108, 58, 50, 150, 'gram'),
(109, 59, 50, 150, 'gram'),
(110, 60, 51, 150, 'gram'),
(111, 61, 53, 150, 'gram'),
(112, 61, 51, 130, 'gram'),
(113, 61, 49, 50, 'gram'),
(114, 61, 54, 50, 'gram'),
(115, 62, 55, 150, 'gram'),
(116, 63, 51, 150, 'gram'),
(117, 65, 61, 100, 'gram'),
(118, 65, 48, 100, 'gram'),
(119, 66, 61, 100, 'gram'),
(120, 67, 63, 100, 'gram'),
(121, 67, 64, 100, 'gram'),
(122, 68, 43, 100, 'gram'),
(123, 68, 65, 100, 'gram'),
(124, 69, 55, 100, 'gram'),
(125, 70, 45, 100, 'gram'),
(126, 71, 67, 100, 'gram'),
(127, 71, 68, 50, 'gram'),
(128, 72, 69, 100, 'gram'),
(129, 72, 70, 50, 'gram'),
(130, 73, 71, 20, 'gram'),
(131, 73, 72, 20, 'gram'),
(132, 74, 67, 100, 'gram'),
(133, 74, 73, 20, 'gram'),
(134, 76, 75, 200, 'gram'),
(135, 77, 51, 200, 'gram'),
(136, 78, 77, 200, 'gram'),
(137, 78, 52, 20, 'gram'),
(138, 79, 77, 200, 'gram'),
(139, 79, 49, 150, 'gram'),
(140, 80, 78, 50, 'gram'),
(141, 80, 76, 50, 'gram'),
(142, 80, 46, 50, 'gram'),
(143, 81, 51, 50, 'gram'),
(144, 81, 52, 50, 'gram'),
(145, 81, 54, 50, 'gram'),
(146, 82, 54, 50, 'gram'),
(147, 82, 79, 50, 'gram'),
(148, 83, 43, 100, 'gram'),
(149, 84, 55, 100, 'gram'),
(150, 85, 51, 100, 'gram'),
(151, 86, 81, 100, 'gram'),
(152, 87, 82, 120, 'gram'),
(153, 87, 46, 30, 'gram'),
(154, 88, 81, 100, 'gram'),
(155, 88, 60, 80, 'gram'),
(156, 89, 64, 80, 'gram'),
(157, 89, 60, 100, 'gram'),
(158, 90, 76, 150, 'gram'),
(159, 90, 83, 20, 'gram'),
(160, 91, 76, 150, 'gram'),
(161, 91, 84, 20, 'gram'),
(162, 92, 76, 150, 'gram'),
(163, 92, 85, 20, 'gram'),
(164, 93, 76, 150, 'gram'),
(165, 93, 78, 30, 'gram'),
(166, 94, 43, 150, 'gram'),
(167, 95, 86, 100, 'gram'),
(168, 95, 71, 50, 'gram'),
(169, 96, 87, 100, 'gram'),
(170, 96, 88, 80, 'gram'),
(171, 97, 89, 50, 'gram'),
(172, 97, 90, 40, 'gram'),
(173, 98, 91, 200, 'gram'),
(174, 98, 92, 30, 'gram'),
(175, 98, 46, 30, 'gram'),
(176, 98, 93, 20, 'gram'),
(177, 98, 89, 1, 'unit');

-- --------------------------------------------------------

--
-- Table structure for table `menutype`
--

CREATE TABLE `menutype` (
  `id` int(11) NOT NULL,
  `name` varchar(255) NOT NULL,
  `des` varchar(255) DEFAULT NULL
) ENGINE=InnoDB DEFAULT CHARSET=utf8mb4 COLLATE=utf8mb4_general_ci;

--
-- Dumping data for table `menutype`
--

INSERT INTO `menutype` (`id`, `name`, `des`) VALUES
(1, 'เครื่องดื่ม', 'เครื่องดื่ม: หมวดหมู่ของเครื่องดื่มหลากหลายชนิด ทั้งร้อนและเย็น เช่น น้ำผลไม้ ชา กาแฟ และสมูทตี้ เพื่อเติมเต็มความสดชื่นให้กับมื้ออาหารของคุณ'),
(2, 'จานหลัก', 'จานหลัก: รวมอาหารจานหลักที่สร้างสรรค์ด้วยวัตถุดิบคุณภาพ มีทั้งอาหารไทยและนานาชาติ ให้คุณอิ่มอร่อยและประทับใจในทุกมื้อ'),
(3, 'พิซซ่า', 'พิซซ่า: พิซซ่าหลากหลายหน้า อบสดใหม่จากเตาทุกถาด พร้อมชีสเยิ้มและแป้งกรอบนุ่ม ให้คุณสัมผัสรสชาติแบบต้นตำรับ'),
(4, 'สปาเกตตี้', 'สปาเกตตี้: เส้นสปาเกตตี้เหนียวนุ่ม พร้อมซอสหลากหลายสูตร เช่น คาโบนารา โบโลเนส และซอสเพสโต เสิร์ฟพร้อมวัตถุดิบสดใหม่ทุกจาน'),
(5, 'สเต๊ก', 'สเต๊ก: เมนูสเต๊กที่เน้นคุณภาพของเนื้อชั้นดี ทั้งเนื้อวัว เนื้อหมู และเนื้อไก่ เสิร์ฟพร้อมซอสสูตรพิเศษและเครื่องเคียง'),
(6, 'สลัด', 'สลัด: สลัดสุขภาพหลากหลายรูปแบบ รวมถึงเมนูผักสด น้ำสลัดหลากชนิด และตัวเลือกที่เหมาะสำหรับผู้รักสุขภาพ'),
(7, 'เมนูคุณหนู', 'เมนูคุณหนู: อาหารสำหรับเด็กที่คัดสรรวัตถุดิบที่เหมาะสม เสิร์ฟในขนาดพอดี พร้อมรูปลักษณ์ที่น่ารักและน่าทาน'),
(8, 'อาหารทานเล่น', 'อาหารทานเล่น: ของว่างและอาหารทานเล่นที่มีทั้งรสชาติกลมกล่อมและจัดจ้าน เช่น นักเก็ต ไก่ทอด และเฟรนช์ฟรายส์ ที่เหมาะสำหรับทุกโอกาส');

-- --------------------------------------------------------

--
-- Table structure for table `order`
--

CREATE TABLE `order` (
  `order_id` int(11) NOT NULL,
  `payment_id` int(11) DEFAULT NULL,
  `table_id` int(11) NOT NULL,
  `create_order` datetime DEFAULT NULL,
  `number_of_people` int(11) DEFAULT NULL
) ENGINE=InnoDB DEFAULT CHARSET=utf8mb4 COLLATE=utf8mb4_general_ci;

-- --------------------------------------------------------

--
-- Table structure for table `orderitem`
--

CREATE TABLE `orderitem` (
  `order_item_id` int(11) NOT NULL,
  `menu_id` int(11) NOT NULL,
  `menu_qty` int(11) NOT NULL,
  `menu_note` varchar(255) DEFAULT NULL,
  `round_order` int(11) DEFAULT NULL,
  `create_date` datetime DEFAULT NULL,
  `order_id` int(11) DEFAULT NULL,
  `status_order` int(11) DEFAULT NULL,
  `status_serve` int(11) DEFAULT NULL,
  `finish_date` datetime DEFAULT NULL
) ENGINE=InnoDB DEFAULT CHARSET=utf8mb4 COLLATE=utf8mb4_general_ci;

-- --------------------------------------------------------

--
-- Table structure for table `payment`
--

CREATE TABLE `payment` (
  `payment_id` int(11) NOT NULL,
  `total_price` int(11) NOT NULL,
  `payment_method` varchar(255) DEFAULT NULL,
  `payment_status` int(11) DEFAULT NULL,
  `payment_date` datetime DEFAULT NULL
) ENGINE=InnoDB DEFAULT CHARSET=utf8mb4 COLLATE=utf8mb4_general_ci;

-- --------------------------------------------------------

--
-- Table structure for table `step`
--

CREATE TABLE `step` (
  `id` int(11) NOT NULL,
  `step` int(11) NOT NULL,
  `description` varchar(255) DEFAULT NULL,
  `menu_id` int(11) NOT NULL
) ENGINE=InnoDB DEFAULT CHARSET=utf8mb4 COLLATE=utf8mb4_general_ci;

--
-- Dumping data for table `step`
--

INSERT INTO `step` (`id`, `step`, `description`, `menu_id`) VALUES
(1, 1, 'ขั้นที่ 1: น้ำพีช 50 มิลลิลิตร : ผสมน้ำพีชเข้มข้นกับน้ำตาลให้กลมกล่อม', 1),
(2, 2, 'ขั้นที่ 2: ช็อตเอสเปรสโซ่ 1 ช็อต : เทเอสเปรสโซ่ลงบนน้ำพีช', 1),
(3, 1, 'ขั้นที่ 1: น้ำส้มคั้นสด 50 มิลลิลิตร : เตรียมน้ำส้มคั้นสด', 2),
(4, 2, 'ขั้นที่ 2: ช็อตเอสเปรสโซ่ 1 ช็อต : เทเอสเปรสโซ่ลงบนน้ำส้ม', 2),
(5, 1, 'ขั้นที่ 1: น้ำเสาวรส 50 มิลลิลิตร : ผสมน้ำเสาวรสกับน้ำเชื่อม', 3),
(6, 2, 'ขั้นที่ 2: ช็อตเอสเปรสโซ่ 1 ช็อต : เทเอสเปรสโซ่ลงบนเสาวรส', 3),
(7, 1, 'ขั้นที่ 1: น้ำลิ้นจี่ 50 มิลลิลิตร : ผสมน้ำลิ้นจี่และน้ำตาลเล็กน้อย', 4),
(8, 2, 'ขั้นที่ 2: ช็อตเอสเปรสโซ่ 1 ช็อต : เทเอสเปรสโซ่ลงบนส่วนผสม', 4),
(9, 1, 'ขั้นที่ 1: นมสด 200 มิลลิลิตร : อุ่นนมและตีให้ฟู', 5),
(10, 2, 'ขั้นที่ 2: น้ำอัญชัน 30 มิลลิลิตร : ใส่ในแก้วก่อนตามด้วยกาแฟ', 5),
(11, 3, 'ขั้นที่ 3: ช็อตเอสเปรสโซ่ 1 ช็อต : เทลงด้านบน', 5),
(12, 1, 'ขั้นที่ 1: ผงมัจฉะ 1 ช้อนชา : ผสมกับน้ำร้อน', 6),
(13, 2, 'ขั้นที่ 2: นมสด 200 มิลลิลิตร : อุ่นนมและเทลงบนมัจฉะ', 6),
(14, 3, 'ขั้นที่ 3: ช็อตเอสเปรสโซ่ 1 ช็อต : เทกาแฟลงด้านบน', 6),
(15, 1, 'ขั้นที่ 1: น้ำสตอเบอร์รี่ 50 มิลลิลิตร : ผสมน้ำสตอเบอร์รี่กับน้ำเชื่อม', 7),
(16, 2, 'ขั้นที่ 2: โซดา 150 มิลลิลิตร : เติมโซดาและน้ำแข็ง', 7),
(17, 1, 'ขั้นที่ 1: น้ำเสาวรส 50 มิลลิลิตร : ผสมกับน้ำเชื่อม', 8),
(18, 2, 'ขั้นที่ 2: โซดา 150 มิลลิลิตร : เติมโซดาและน้ำแข็ง', 8),
(19, 1, 'ขั้นที่ 1: น้ำลิ้นจี่ 50 มิลลิลิตร : ผสมกับน้ำเชื่อม', 9),
(20, 2, 'ขั้นที่ 2: โซดา 150 มิลลิลิตร : เติมโซดาและน้ำแข็ง', 9),
(21, 1, 'ขั้นที่ 1: น้ำกีวี่ 50 มิลลิลิตร : ผสมกับน้ำเชื่อม', 10),
(22, 2, 'ขั้นที่ 2: โซดา 150 มิลลิลิตร : เติมโซดาและน้ำแข็ง', 10),
(23, 1, 'ขั้นที่ 1: น้ำบลูฮาวาย 50 มิลลิลิตร : ผสมกับน้ำเชื่อม', 11),
(24, 2, 'ขั้นที่ 2: โซดา 150 มิลลิลิตร : เติมโซดาและน้ำแข็ง', 11),
(25, 1, 'ขั้นที่ 1: ชาดำ 150 มิลลิลิตร : ชงชาดำเข้มข้น', 12),
(26, 2, 'ขั้นที่ 2: น้ำมะนาว 20 มิลลิลิตร : ผสมกับน้ำเชื่อม', 12),
(27, 1, 'ขั้นที่ 1: ชาดำ 150 มิลลิลิตร : ชงชาดำเข้มข้น', 13),
(28, 2, 'ขั้นที่ 2: น้ำผึ้ง 15 มิลลิลิตร : เติมน้ำผึ้งและน้ำมะนาว', 13),
(29, 1, 'ขั้นที่ 1: ชาเขียว 150 มิลลิลิตร : ชงชาเขียว', 14),
(30, 2, 'ขั้นที่ 2: น้ำแอปเปิ้ล 50 มิลลิลิตร : เติมน้ำแอปเปิ้ล', 14),
(31, 1, 'ขั้นที่ 1: ชาเขียว 150 มิลลิลิตร : ชงชาเขียว', 15),
(32, 2, 'ขั้นที่ 2: น้ำพีช 50 มิลลิลิตร : เติมน้ำพีช', 15),
(33, 1, 'ขั้นที่ 1: นมสด 200 มิลลิลิตร : อุ่นนมและตีให้ฟู', 16),
(34, 2, 'ขั้นที่ 2: ช็อตเอสเปรสโซ่ 1 ช็อต : เทลงบนชั้นนม', 16),
(35, 3, 'ขั้นที่ 3: ซอสคาราเมล 10 มิลลิลิตร : ราดด้านบน', 16),
(36, 1, 'ขั้นที่ 1: ช็อตเอสเปรสโซ่ 1 ช็อต : ชงกาแฟสด', 17),
(37, 2, 'ขั้นที่ 2: นมสด 150 มิลลิลิตร : เติมนมและตกแต่งด้วยฟองนม', 17),
(38, 1, 'ขั้นที่ 1: ผงโกโก้ 2 ช้อนชา : ผสมกับนมสด', 18),
(39, 2, 'ขั้นที่ 2: น้ำแข็ง 200 กรัม : เติมน้ำแข็งและปั่นจนเนียน', 18),
(40, 1, 'ขั้นที่ 1: ผงโกโก้ 2 ช้อนชา : ผสมกับนมสด', 19),
(41, 2, 'ขั้นที่ 2: น้ำเชื่อมมิ้นท์ 10 มิลลิลิตร : เติมลงในโกโก้', 19),
(42, 1, 'ขั้นที่ 1: น้ำอัญชัน 50 มิลลิลิตร : เติมน้ำอัญชัน', 20),
(43, 2, 'ขั้นที่ 2: น้ำเชื่อมสตรอว์เบอร์รี 20 มิลลิลิตร : ผสมกับโซดา', 20),
(44, 1, 'ขั้นที่ 1: ผงโกโก้ 2 ช้อนชา : ผสมกับนมสด', 21),
(45, 2, 'ขั้นที่ 2: กล้วยหอม 1 ลูก : ปั่นพร้อมโกโก้', 21),
(46, 1, 'ขั้นที่ 1: ผงมัจฉะ 1 ช้อนชา : ผสมกับน้ำร้อน', 22),
(47, 2, 'ขั้นที่ 2: ผงโกโก้ 1 ช้อนชา : ผสมกับนมสด', 22),
(48, 3, 'ขั้นที่ 3: ผสมน้ำมัจฉะและโกโก้เข้าด้วยกัน', 22),
(49, 1, 'ขั้นที่ 1: ผงมัจฉะ 1 ช้อนชา : ชงด้วยน้ำร้อน', 23),
(50, 2, 'ขั้นที่ 2: นมสด 200 มิลลิลิตร : เติมนมสด', 23),
(51, 1, 'ขั้นที่ 1: นมเปรี้ยว 150 มิลลิลิตร : ผสมกับน้ำแข็ง', 24),
(52, 2, 'ขั้นที่ 2: เจลลี่ 50 กรัม : เติมลงหลังปั่น', 24),
(53, 1, 'ขั้นที่ 1: นมสด 200 มิลลิลิตร : อุ่นนม', 25),
(54, 2, 'ขั้นที่ 2: น้ำเชื่อมกล้วย 20 มิลลิลิตร : เติมลงในนม', 25),
(55, 1, 'ขั้นที่ 1: กาแฟบด 10 กรัม : ชงด้วยเครื่องเอสเปรสโซ่', 26),
(56, 1, 'ขั้นที่ 1: ช็อตเอสเปรสโซ่ 1 ช็อต : เติมน้ำร้อนหรือน้ำเย็น', 27),
(57, 1, 'ขั้นที่ 1: ผงโกโก้ 1 ช้อนชา : ผสมกับช็อตเอสเปรสโซ่', 28),
(58, 2, 'ขั้นที่ 2: นมสด 150 มิลลิลิตร : เติมลงไป', 28),
(59, 1, 'ขั้นที่ 1: ช็อตเอสเปรสโซ่ 1 ช็อต : ชงด้วยเครื่องกาแฟ', 29),
(60, 2, 'ขั้นที่ 2: นมสด 150 มิลลิลิตร : ตีฟองนมเติมด้านบน', 29),
(61, 1, 'ขั้นที่ 1: ช็อตเอสเปรสโซ่ 1 ช็อต : เติมลงในนมสด', 30),
(62, 2, 'ขั้นที่ 2: ฟองนม : แต่งหน้าด้วยฟองนม', 30),
(63, 1, 'ขั้นที่ 1: นมสด 200 มิลลิลิตร : อุ่นและเติมน้ำเชื่อมคาราเมลหรือวานิลลา', 31),
(64, 1, 'ขั้นที่ 1: ชาดำ 150 มิลลิลิตร : ชงและเติมนมข้น', 32),
(65, 2, 'ขั้นที่ 2: น้ำแข็ง 200 กรัม : เติมน้ำแข็งหรือปั่น', 32),
(66, 1, 'ขั้นที่ 1: ผงชาเขียว 1 ช้อนชา : ผสมกับน้ำร้อนและน้ำตาล', 33),
(67, 2, 'ขั้นที่ 2: นมสด 150 มิลลิลิตร : เติมลงไป', 33),
(68, 1, 'ขั้นที่ 1: น้ำแดง 30 มิลลิลิตร : ผสมกับนมสด', 34),
(69, 2, 'ขั้นที่ 2: น้ำแข็ง 200 กรัม : เติมน้ำแข็งหรือปั่น', 34),
(70, 1, 'ขั้นที่ 1: ช็อตเอสเปรสโซ่ 1 ช็อต : ชงด้วยเครื่องกาแฟ', 35),
(71, 2, 'ขั้นที่ 2: น้ำเชื่อมสูตรพิเศษ 10 มิลลิลิตร : ผสมลงในกาแฟ', 35),
(72, 3, 'ขั้นที่ 3: นมสด 150 มิลลิลิตร : เติมลงและตกแต่งด้วยฟองนม', 35),
(73, 1, 'ขั้นที่ 1: กาแฟโอเลี้ยง 150 มิลลิลิตร : ชงด้วยกาแฟไทย', 36),
(74, 2, 'ขั้นที่ 2: นมข้นหวาน 20 มิลลิลิตร : เติมลงในแก้ว', 36),
(75, 1, 'ขั้นที่ 1: ชาดำ 100 มิลลิลิตร : ชงชาและเติมน้ำตาล', 37),
(76, 2, 'ขั้นที่ 2: นมสด 100 มิลลิลิตร : เทลงด้านบนอย่างระมัดระวัง', 37),
(77, 1, 'ขั้นที่ 1: ช็อตเอสเปรสโซ่ 1 ช็อต : ชงด้วยเครื่องกาแฟ', 38),
(78, 2, 'ขั้นที่ 2: ผงโกโก้ 1 ช้อนชา : ผสมกับน้ำร้อน', 38),
(79, 3, 'ขั้นที่ 3: นมสด 150 มิลลิลิตร : เติมลงไป', 38),
(80, 1, 'ขั้นที่ 1: ผงมัจฉะ 1 ช้อนชา : ผสมกับน้ำร้อน', 39),
(81, 2, 'ขั้นที่ 2: น้ำเชื่อมสตรอว์เบอร์รี 20 มิลลิลิตร : เติมลงในมัจฉะ', 39),
(82, 1, 'ขั้นที่ 1: โยเกิร์ต 100 กรัม : ใส่ลงในโถปั่น', 40),
(83, 2, 'ขั้นที่ 2: สตรอว์เบอร์รี 50 กรัม : เติมพร้อมน้ำแข็ง 200 กรัม', 40),
(84, 3, 'ขั้นที่ 3: ปั่นจนเนียน', 40),
(85, 1, 'ขั้นที่ 1: มะม่วงสุก 200 กรัม : ใส่ในโถปั่น', 41),
(86, 2, 'ขั้นที่ 2: น้ำเชื่อม 20 มิลลิลิตร : เติมน้ำแข็งและปั่นจนเนียน', 41),
(87, 1, 'ขั้นที่ 1: ผงไวท์มอลต์ 2 ช้อนชา : ผสมกับนมสด', 42),
(88, 2, 'ขั้นที่ 2: น้ำแข็ง 200 กรัม : ปั่นจนเนียน', 42),
(89, 1, 'ขั้นที่ 1: โอริโอ้ 3 ชิ้น : ใส่ลงในโถปั่น', 43),
(90, 2, 'ขั้นที่ 2: นมสด 200 มิลลิลิตร : เติมน้ำแข็งและปั่น', 43),
(91, 1, 'ขั้นที่ 1: น้ำเชื่อมผลไม้รวม 30 มิลลิลิตร : ผสมกับน้ำโซดา', 44),
(92, 2, 'ขั้นที่ 2: น้ำแข็ง 200 กรัม : เติมลงในแก้ว', 44),
(93, 1, 'ขั้นที่ 1: ผงมัจฉะ 1 ช้อนชา : ชงกับน้ำร้อน 80 มิลลิลิตร', 45),
(94, 2, 'ขั้นที่ 2: นมสดร้อน 150 มิลลิลิตร : เติมลงในแก้ว', 45),
(95, 1, 'ขั้นที่ 1: ผงโกโก้ 2 ช้อนชา : ผสมกับน้ำร้อน 80 มิลลิลิตร', 46),
(96, 2, 'ขั้นที่ 2: นมสดร้อน 150 มิลลิลิตร : เติมลงในแก้ว', 46),
(97, 1, 'ขั้นที่ 1: นมสดร้อน 200 มิลลิลิตร : อุ่นให้ร้อน', 47),
(98, 2, 'ขั้นที่ 2: น้ำเชื่อมวานิลลา 10 มิลลิลิตร : เติมลงไป', 47),
(99, 1, 'ขั้นที่ 1: นมสดร้อน 200 มิลลิลิตร : อุ่นให้ร้อน', 48),
(100, 2, 'ขั้นที่ 2: น้ำเชื่อมคาราเมล 10 มิลลิลิตร : เติมลงไป', 48),
(101, 1, 'ขั้นที่ 1: น้ำเปล่าบรรจุขวด 500 มิลลิลิตร : เสิร์ฟเย็น', 49),
(102, 1, 'ขั้นที่ 1: น้ำอัดลม 325 มิลลิลิตร : เสิร์ฟพร้อมน้ำแข็ง', 50),
(103, 1, 'ขั้นที่ 1: น้ำอัดลมใส 325 มิลลิลิตร : เสิร์ฟพร้อมน้ำแข็ง', 51),
(104, 1, 'ขั้นที่ 1: น้ำแดง 50 มิลลิลิตร : ผสมกับน้ำเย็น', 52),
(105, 2, 'ขั้นที่ 2: น้ำแข็ง 200 กรัม : เติมลงไป', 52),
(106, 1, 'ขั้นที่ 1: น้ำแข็ง 200 กรัม : ตักใส่แก้ว', 53),
(107, 1, 'ขั้นที่ 1: ไข่ไก่ 2 ฟอง : ตีไข่และทอดจนสุก', 54),
(108, 2, 'ขั้นที่ 2: กุ้งสด 100 กรัม : ผัดกับพริกขี้หนูสวน 10 เม็ด และกระเทียม 1 ช้อนโต๊ะ', 54),
(109, 3, 'ขั้นที่ 3: ข้าวสวย 200 กรัม : จัดเสิร์ฟพร้อมไข่และกุ้ง', 54),
(110, 1, 'ขั้นที่ 1: ไข่ไก่ 2 ฟอง : ตีไข่และทอดให้ข้น', 55),
(111, 2, 'ขั้นที่ 2: กุ้งสด 100 กรัม : ผัดกับกระเทียม 1 ช้อนโต๊ะ', 55),
(112, 3, 'ขั้นที่ 3: ข้าวสวย 200 กรัม : จัดเสิร์ฟพร้อมไข่และกุ้ง', 55),
(113, 1, 'ขั้นที่ 1: ไข่ไก่ 2 ฟอง : ตีไข่และทอดให้ข้น', 56),
(114, 2, 'ขั้นที่ 2: อาหารทะเล (กุ้ง ปลาหมึก) 100 กรัม : ปรุงรสด้วยพริกแกงต้มยำ 1 ช้อนโต๊ะ', 56),
(115, 3, 'ขั้นที่ 3: ข้าวสวย 200 กรัม : จัดเสิร์ฟพร้อมไข่และต้มยำ', 56),
(116, 1, 'ขั้นที่ 1: ข้าวสวย 200 กรัม : ผัดกับซีอิ๊วขาว 1 ช้อนโต๊ะ และไข่ไก่ 1 ฟอง', 57),
(117, 2, 'ขั้นที่ 2: เติมเครื่องปรุงอื่น ๆ ตามชอบ', 57),
(118, 1, 'ขั้นที่ 1: ข้าวสวย 200 กรัม : ผัดกับซีอิ๊วขาว 1 ช้อนโต๊ะ', 58),
(119, 2, 'ขั้นที่ 2: ใส่เนื้อทะเลหรือเนื้อปู 100 กรัม', 58),
(120, 1, 'ขั้นที่ 1: หมูสับหรือเนื้อโคขุน 100 กรัม : ผัดกับพริกขี้หนู 10 เม็ด และใบกะเพรา 1 กำมือ', 59),
(121, 2, 'ขั้นที่ 2: ข้าวสวย 200 กรัม : จัดเสิร์ฟพร้อมไข่ดาว', 59),
(122, 1, 'ขั้นที่ 1: ไก่ย่าง 150 กรัม : หมักด้วยซอสพริก 1 ช้อนโต๊ะก่อนย่าง', 60),
(123, 2, 'ขั้นที่ 2: ข้าวสวย 200 กรัม : จัดเสิร์ฟพร้อมน้ำจิ้ม', 60),
(124, 1, 'ขั้นที่ 1: บะหมี่หยก 100 กรัม : ลวกจนสุก', 61),
(125, 2, 'ขั้นที่ 2: ไก่ย่าง 150 กรัม : หมักด้วยซอสสูตรพิเศษ', 61),
(126, 3, 'ขั้นที่ 3: น้ำจิ้มสูตรเผ็ด : จัดเสิร์ฟคู่กัน', 61),
(127, 1, 'ขั้นที่ 1: เนื้อปลาแซลมอน 150 กรัม : ย่างและราดซอสเทริยากิ', 62),
(128, 2, 'ขั้นที่ 2: ข้าวสวย 200 กรัม : จัดเสิร์ฟพร้อมปลาและผัก', 62),
(129, 1, 'ขั้นที่ 1: เนื้อไก่ทอด 150 กรัม : หมักก่อนทอด', 63),
(130, 2, 'ขั้นที่ 2: ซอสเขียวหวาน 50 มิลลิลิตร : ราดบนไก่ทอด', 63),
(131, 3, 'ขั้นที่ 3: ข้าวสวย 200 กรัม : จัดเสิร์ฟพร้อมซอส', 63),
(132, 1, 'ขั้นที่ 1: แป้งพิซซ่า 1 แผ่น : ทาซอสมะเขือเทศ 3 ช้อนโต๊ะ', 64),
(133, 2, 'ขั้นที่ 2: ชีสมอสซาเรลลา 100 กรัม : โรยทั่วหน้าแป้ง', 64),
(134, 3, 'ขั้นที่ 3: อบในเตา 200 องศาเซลเซียส 10 นาที', 64),
(135, 1, 'ขั้นที่ 1: แป้งพิซซ่า 1 แผ่น : ทาซอสมะเขือเทศ 3 ช้อนโต๊ะ', 65),
(136, 2, 'ขั้นที่ 2: แฮม 50 กรัม และเห็ด 50 กรัม : วางบนหน้าแป้ง', 65),
(137, 3, 'ขั้นที่ 3: อบในเตา 200 องศาเซลเซียส 10 นาที', 65),
(138, 1, 'ขั้นที่ 1: แป้งพิซซ่า 1 แผ่น : ทาซอสมะเขือเทศ 3 ช้อนโต๊ะ', 66),
(139, 2, 'ขั้นที่ 2: แฮม 50 กรัม และสับปะรด 50 กรัม : วางบนหน้าแป้ง', 66),
(140, 3, 'ขั้นที่ 3: อบในเตา 200 องศาเซลเซียส 10 นาที', 66),
(141, 1, 'ขั้นที่ 1: แป้งพิซซ่า 1 แผ่น : ทาซอสมะเขือเทศ 3 ช้อนโต๊ะ', 67),
(142, 2, 'ขั้นที่ 2: ทูน่า 50 กรัม และผักโขม 50 กรัม : วางบนหน้าแป้ง', 67),
(143, 3, 'ขั้นที่ 3: อบในเตา 200 องศาเซลเซียส 10 นาที', 67),
(144, 1, 'ขั้นที่ 1: แป้งพิซซ่า 1 แผ่น : ทาซอสมะเขือเทศ 3 ช้อนโต๊ะ', 68),
(145, 2, 'ขั้นที่ 2: อาหารทะเล (กุ้ง, ปลาหมึก, หอย) รวม 100 กรัม : วางบนหน้าแป้ง', 68),
(146, 3, 'ขั้นที่ 3: ชีสมอสซาเรลลา 100 กรัม : โรยให้ทั่ว', 68),
(147, 4, 'ขั้นที่ 4: อบในเตา 200 องศาเซลเซียส 10 นาที', 68),
(148, 1, 'ขั้นที่ 1: แป้งพิซซ่า 1 แผ่น : ทาซอสครีมชีส 2 ช้อนโต๊ะ', 69),
(149, 2, 'ขั้นที่ 2: สโมคแซลมอน 100 กรัม : วางบนหน้าแป้ง', 69),
(150, 3, 'ขั้นที่ 3: อบในเตา 200 องศาเซลเซียส 8 นาที', 69),
(151, 1, 'ขั้นที่ 1: แป้งพิซซ่าสีดำ 1 แผ่น : ทาซอสทรัฟเฟิล 3 ช้อนโต๊ะ', 70),
(152, 2, 'ขั้นที่ 2: ชีสมอสซาเรลลา 100 กรัม : โรยให้ทั่ว', 70),
(153, 3, 'ขั้นที่ 3: เห็ดทรัฟเฟิลสด 20 กรัม : วางบนหน้าแป้ง', 70),
(154, 4, 'ขั้นที่ 4: อบในเตา 200 องศาเซลเซียส 10 นาที', 70),
(155, 1, 'ขั้นที่ 1: เส้นสปาเกตตี้ 100 กรัม : ลวกจนสุก', 71),
(156, 2, 'ขั้นที่ 2: เบคอน 50 กรัม : ผัดจนกรอบ', 71),
(157, 3, 'ขั้นที่ 3: ซอสครีม 100 มิลลิลิตร : เคล้ากับเส้นและเบคอน', 71),
(158, 1, 'ขั้นที่ 1: เส้นสปาเกตตี้ 100 กรัม : ลวกจนสุก', 72),
(159, 2, 'ขั้นที่ 2: อาหารทะเลรวม 100 กรัม : ผัดกับพริกขี้หนู 5 เม็ด และใบกะเพรา', 72),
(160, 3, 'ขั้นที่ 3: คลุกเคล้าทั้งหมดเข้าด้วยกัน', 72),
(161, 1, 'ขั้นที่ 1: เส้นสปาเกตตี้ 100 กรัม : ลวกจนสุก', 73),
(162, 2, 'ขั้นที่ 2: ซอสโชยุ 2 ช้อนโต๊ะ : คลุกเคล้ากับเส้น', 73),
(163, 3, 'ขั้นที่ 3: ไข่กุ้ง 50 กรัม : โรยด้านบน', 73),
(164, 1, 'ขั้นที่ 1: เส้นสปาเกตตี้ 100 กรัม : ลวกจนสุก', 74),
(165, 2, 'ขั้นที่ 2: เบคอน 50 กรัม และพริกแห้ง 5 เม็ด : ผัดจนหอม', 74),
(166, 3, 'ขั้นที่ 3: คลุกเคล้าส่วนผสมทั้งหมด', 74),
(167, 1, 'ขั้นที่ 1: ไข่ไก่ 2 ฟอง : ทำเป็นออมเล็ต, ไข่คน, หรือไข่กระทะตามเลือก', 75),
(168, 2, 'ขั้นที่ 2: น้ำส้ม 1 แก้ว : เสิร์ฟพร้อมไข่', 75),
(169, 1, 'ขั้นที่ 1: สันคอหมู 200 กรัม : หมักด้วยซอสสเต็ก 1 ชั่วโมง', 76),
(170, 2, 'ขั้นที่ 2: ย่างจนสุก และเสิร์ฟพร้อมน้ำจิ้ม', 76),
(171, 1, 'ขั้นที่ 1: เนื้อไก่ 200 กรัม : หมักด้วยพริกป่น 1 ช้อนชา และซอสพริก 1 ช้อนโต๊ะ', 77),
(172, 2, 'ขั้นที่ 2: ย่างจนสุก และเสิร์ฟพร้อมสลัด', 77),
(173, 1, 'ลองยิง API update', 78),
(174, 2, 'ขั้นที่ 2: ย่างจนสุกตามชอบ', 78),
(175, 1, 'ขั้นที่ 1: เนื้อทีโบน 300 กรัม : หมักด้วยเกลือและพริกไทย 15 นาที', 79),
(176, 2, 'ขั้นที่ 2: ย่างจนได้ระดับความสุกที่ต้องการ', 79),
(177, 1, 'ขั้นที่ 1: ผักสลัด 100 กรัม : ล้างให้สะอาด', 80),
(178, 2, 'ขั้นที่ 2: เนื้อไก่ย่าง 100 กรัม : หั่นชิ้นและคลุกซอสสไปซี่', 80),
(179, 1, 'ขั้นที่ 1: ผักสลัด 100 กรัม : ล้างให้สะอาด', 81),
(180, 2, 'ขั้นที่ 2: ปูอัด 50 กรัม และไข่กุ้ง 30 กรัม : จัดเสิร์ฟพร้อมน้ำสลัด', 81),
(181, 1, 'ขั้นที่ 1: ผักสลัดหลากชนิด 100 กรัม : ล้างให้สะอาด', 82),
(182, 2, 'ขั้นที่ 2: เสิร์ฟพร้อมน้ำสลัดตามชอบ', 82),
(183, 1, 'ขั้นที่ 1: ไข่ไก่ 2 ฟอง : ตีและขยี้ในกระทะ', 83),
(184, 2, 'ขั้นที่ 2: กุ้งสด 100 กรัม : ผัดรวมกับไข่', 83),
(185, 3, 'ขั้นที่ 3: เสิร์ฟพร้อมข้าวสวย 200 กรัม', 83),
(186, 1, 'ขั้นที่ 1: ข้าวสวย 200 กรัม : ผัดกับไข่ไก่ 1 ฟอง และซอสปรุงรส 1 ช้อนโต๊ะ', 84),
(187, 2, 'ขั้นที่ 2: แซลม่อน 100 กรัม : ย่างจนสุก', 84),
(188, 3, 'ขั้นที่ 3: จัดเสิร์ฟโดยวางแซลม่อนย่างบนข้าวผัด', 84),
(189, 1, 'ขั้นที่ 1: ไก่ทอด 150 กรัม : คลุกซอสหวานเผ็ด 2 ช้อนโต๊ะ', 85),
(190, 2, 'ขั้นที่ 2: เสิร์ฟพร้อมข้าวสวย 200 กรัม และผักเครื่องเคียง', 85),
(191, 1, 'ขั้นที่ 1: ชีสมอสซาเรลลา 100 กรัม : ปั้นเป็นก้อน', 86),
(192, 2, 'ขั้นที่ 2: ชุบแป้ง, ไข่, และเกล็ดขนมปัง', 86),
(193, 3, 'ขั้นที่ 3: ทอดในน้ำมันร้อนจนเหลืองกรอบ', 86),
(194, 1, 'ขั้นที่ 1: เนื้อไก่หั่นชิ้นเล็ก 150 กรัม : หมักด้วยซอสปรุงรส 1 ช้อนโต๊ะ', 87),
(195, 2, 'ขั้นที่ 2: ชุบแป้งทอดกรอบ และทอดจนสุก', 87),
(196, 1, 'ขั้นที่ 1: ปีกไก่ 200 กรัม : หมักด้วยเกลือ, พริกไทย, และซอสปรุงรส 15 นาที', 88),
(197, 2, 'ขั้นที่ 2: ทอดในน้ำมันร้อนจนเหลืองกรอบ', 88),
(198, 1, 'ขั้นที่ 1: ขนมปังแผ่น 2 แผ่น : วางชีสมอสซาเรลลา 50 กรัม ระหว่างแผ่น', 89),
(199, 2, 'ขั้นที่ 2: ย่างบนกระทะจนขนมปังกรอบและชีสละลาย', 89),
(200, 1, 'ขั้นที่ 1: ผักโขม 100 กรัม : ลวกจนสุก', 90),
(201, 2, 'ขั้นที่ 2: ผสมกับซอสครีมและชีสมอสซาเรลลา 50 กรัม', 90),
(202, 3, 'ขั้นที่ 3: อบในเตา 180 องศาเซลเซียส 10 นาที', 90),
(203, 1, 'ขั้นที่ 1: มันฝรั่ง 200 กรัม : หั่นเป็นแท่ง', 91),
(204, 2, 'ขั้นที่ 2: ทอดในน้ำมันร้อนจนกรอบ', 91),
(205, 1, 'ขั้นที่ 1: เฟรนช์ฟรายส์ 200 กรัม : ทอดจนกรอบ', 92),
(206, 2, 'ขั้นที่ 2: ราดด้วยซอสทรัฟเฟิล 2 ช้อนโต๊ะ', 92),
(207, 1, 'ขั้นที่ 1: เฟรนช์ฟรายส์ 200 กรัม : ทอดจนกรอบ', 93),
(208, 2, 'ขั้นที่ 2: เสิร์ฟพร้อมดิปชีส 30 มิลลิลิตร', 93),
(209, 1, 'ขั้นที่ 1: มันฝรั่ง, หอมใหญ่, และนักเก็ต 100 กรัม : ทอดจนกรอบ', 94),
(210, 2, 'ขั้นที่ 2: เสิร์ฟพร้อมซอสมะเขือเทศ', 94),
(211, 1, 'ขั้นที่ 1: กุ้งสด 100 กรัม : ชุบแป้งทอดกรอบ', 95),
(212, 2, 'ขั้นที่ 2: ทอดในน้ำมันร้อนจนเหลืองกรอบ', 95),
(213, 1, 'ขั้นที่ 1: หมูบด 100 กรัม และแป้งขนมจีบ 10 แผ่น : ห่อและแต่งด้วยไข่กุ้ง', 96),
(214, 2, 'ขั้นที่ 2: นึ่งจนสุก', 96),
(215, 1, 'ขั้นที่ 1: วาฟเฟิล 1 ชิ้น : ทอดหรืออบจนกรอบ', 97),
(216, 2, 'ขั้นที่ 2: เสิร์ฟพร้อมไอศกรีมลูกโปรด', 97),
(217, 1, 'ขั้นที่ 1: กล้วยหอม 1 ลูก : ชุบแป้งทอดกรอบ', 98),
(218, 2, 'ขั้นที่ 2: ทอดในน้ำมันร้อนจนเหลืองทอง', 98),
(228, 1, 'ขั้นที่ 1: เตรียมเนื้อ และ เครื่องเทศ', 115),
(229, 2, 'ขั้นที่ 2: หมักเนื้อasdsad', 115),
(230, 3, 'ขั้นที่ 3: ย่างเนื้อให้ได้ระดับความสุกที่ต้องการ', 115),
(231, 4, 'ขั้นที่ 4: พักเนื้อ 15 นาทีแล้วพร้อมเสิร์ฟ', 115),
(232, 1, 'ฟหกดกหฟด', 116),
(233, 2, 'ฟหกดฟหกด', 116),
(234, 3, 'ฟหกดหกฟ', 116),
(235, 1, 'asdfsaf', 117),
(236, 2, 'asdfsaf', 117),
(237, 3, 'asdfsadf', 117),
(238, 1, 'asdfsaf', 118),
(239, 2, 'asdfsaf01101010', 118),
(240, 3, 'asdfsadf', 118);

-- --------------------------------------------------------

--
-- Table structure for table `table`
--

CREATE TABLE `table` (
  `table_id` int(11) NOT NULL,
  `number_table` int(11) NOT NULL,
  `people` varchar(255) DEFAULT NULL,
  `status` varchar(255) NOT NULL,
  `code` varchar(255) DEFAULT NULL
) ENGINE=InnoDB DEFAULT CHARSET=utf8mb4 COLLATE=utf8mb4_general_ci;

--
-- Dumping data for table `table`
--

INSERT INTO `table` (`table_id`, `number_table`, `people`, `status`, `code`) VALUES
(1, 0, NULL, 'disable', NULL),
(2, 1, NULL, 'disable', NULL),
(3, 0, NULL, 'disable', NULL),
(4, 0, NULL, 'disable', NULL),
(5, 0, NULL, 'disable', NULL),
(6, 0, NULL, 'disable', NULL),
(7, 0, NULL, 'disable', NULL),
(8, 0, NULL, 'disable', NULL),
(9, 0, NULL, 'disable', NULL),
(10, 0, NULL, 'disable', NULL),
(11, 0, NULL, 'disable', NULL),
(12, 0, NULL, 'disable', NULL),
(13, 0, NULL, 'disable', NULL),
(14, 0, NULL, 'disable', NULL),
(15, 0, NULL, 'disable', NULL),
(16, 0, NULL, 'disable', NULL),
(17, 0, NULL, 'disable', NULL),
(18, 0, NULL, 'disable', NULL),
(19, 0, NULL, 'disable', NULL),
(20, 0, NULL, 'disable', NULL);

-- --------------------------------------------------------

--
-- Table structure for table `waste`
--

CREATE TABLE `waste` (
  `waste_id` int(11) NOT NULL,
  `item_name` varchar(255) NOT NULL,
  `quantity` float NOT NULL,
  `unit` varchar(255) DEFAULT NULL,
  `price` int(11) DEFAULT NULL,
  `waste_date` datetime DEFAULT NULL,
  `reason` varchar(255) DEFAULT NULL,
  `note` varchar(255) DEFAULT NULL
) ENGINE=InnoDB DEFAULT CHARSET=utf8mb4 COLLATE=utf8mb4_general_ci;

--
-- Indexes for dumped tables
--

--
-- Indexes for table `account`
--
ALTER TABLE `account`
  ADD PRIMARY KEY (`id`);

--
-- Indexes for table `history`
--
ALTER TABLE `history`
  ADD PRIMARY KEY (`id`);

--
-- Indexes for table `ingredientpack`
--
ALTER TABLE `ingredientpack`
  ADD PRIMARY KEY (`id`);

--
-- Indexes for table `ingredientpackitems`
--
ALTER TABLE `ingredientpackitems`
  ADD PRIMARY KEY (`id`);

--
-- Indexes for table `ingredients`
--
ALTER TABLE `ingredients`
  ADD PRIMARY KEY (`Ingredients_id`);

--
-- Indexes for table `menu`
--
ALTER TABLE `menu`
  ADD PRIMARY KEY (`id`);

--
-- Indexes for table `menuingredientpack`
--
ALTER TABLE `menuingredientpack`
  ADD PRIMARY KEY (`id`),
  ADD KEY `menu_id` (`menu_id`),
  ADD KEY `ingredient_pack_id` (`ingredient_pack_id`);

--
-- Indexes for table `menuingredients`
--
ALTER TABLE `menuingredients`
  ADD PRIMARY KEY (`MenuIngredients_id`);

--
-- Indexes for table `menutype`
--
ALTER TABLE `menutype`
  ADD PRIMARY KEY (`id`);

--
-- Indexes for table `order`
--
ALTER TABLE `order`
  ADD PRIMARY KEY (`order_id`),
  ADD KEY `table_id` (`table_id`);

--
-- Indexes for table `orderitem`
--
ALTER TABLE `orderitem`
  ADD PRIMARY KEY (`order_item_id`);

--
-- Indexes for table `payment`
--
ALTER TABLE `payment`
  ADD PRIMARY KEY (`payment_id`);

--
-- Indexes for table `step`
--
ALTER TABLE `step`
  ADD PRIMARY KEY (`id`);

--
-- Indexes for table `table`
--
ALTER TABLE `table`
  ADD PRIMARY KEY (`table_id`);

--
-- Indexes for table `waste`
--
ALTER TABLE `waste`
  ADD PRIMARY KEY (`waste_id`);

--
-- AUTO_INCREMENT for dumped tables
--

--
-- AUTO_INCREMENT for table `account`
--
ALTER TABLE `account`
  MODIFY `id` int(11) NOT NULL AUTO_INCREMENT, AUTO_INCREMENT=14;

--
-- AUTO_INCREMENT for table `history`
--
ALTER TABLE `history`
  MODIFY `id` int(11) NOT NULL AUTO_INCREMENT, AUTO_INCREMENT=27;

--
-- AUTO_INCREMENT for table `ingredientpack`
--
ALTER TABLE `ingredientpack`
  MODIFY `id` int(11) NOT NULL AUTO_INCREMENT, AUTO_INCREMENT=6;

--
-- AUTO_INCREMENT for table `ingredientpackitems`
--
ALTER TABLE `ingredientpackitems`
  MODIFY `id` int(11) NOT NULL AUTO_INCREMENT, AUTO_INCREMENT=59;

--
-- AUTO_INCREMENT for table `ingredients`
--
ALTER TABLE `ingredients`
  MODIFY `Ingredients_id` int(11) NOT NULL AUTO_INCREMENT, AUTO_INCREMENT=158;

--
-- AUTO_INCREMENT for table `menu`
--
ALTER TABLE `menu`
  MODIFY `id` int(11) NOT NULL AUTO_INCREMENT, AUTO_INCREMENT=119;

--
-- AUTO_INCREMENT for table `menuingredientpack`
--
ALTER TABLE `menuingredientpack`
  MODIFY `id` int(11) NOT NULL AUTO_INCREMENT, AUTO_INCREMENT=32;

--
-- AUTO_INCREMENT for table `menuingredients`
--
ALTER TABLE `menuingredients`
  MODIFY `MenuIngredients_id` int(11) NOT NULL AUTO_INCREMENT, AUTO_INCREMENT=178;

--
-- AUTO_INCREMENT for table `order`
--
ALTER TABLE `order`
  MODIFY `order_id` int(11) NOT NULL AUTO_INCREMENT, AUTO_INCREMENT=71;

--
-- AUTO_INCREMENT for table `orderitem`
--
ALTER TABLE `orderitem`
  MODIFY `order_item_id` int(11) NOT NULL AUTO_INCREMENT, AUTO_INCREMENT=153;

--
-- AUTO_INCREMENT for table `payment`
--
ALTER TABLE `payment`
  MODIFY `payment_id` int(11) NOT NULL AUTO_INCREMENT, AUTO_INCREMENT=77;

--
-- AUTO_INCREMENT for table `step`
--
ALTER TABLE `step`
  MODIFY `id` int(11) NOT NULL AUTO_INCREMENT, AUTO_INCREMENT=241;

--
-- AUTO_INCREMENT for table `table`
--
ALTER TABLE `table`
  MODIFY `table_id` int(11) NOT NULL AUTO_INCREMENT, AUTO_INCREMENT=21;

--
-- AUTO_INCREMENT for table `waste`
--
ALTER TABLE `waste`
  MODIFY `waste_id` int(11) NOT NULL AUTO_INCREMENT, AUTO_INCREMENT=5;

--
-- Constraints for dumped tables
--

--
-- Constraints for table `menuingredientpack`
--
ALTER TABLE `menuingredientpack`
  ADD CONSTRAINT `menuingredientpack_ibfk_1` FOREIGN KEY (`menu_id`) REFERENCES `menu` (`id`),
  ADD CONSTRAINT `menuingredientpack_ibfk_2` FOREIGN KEY (`ingredient_pack_id`) REFERENCES `ingredientpack` (`id`);

--
-- Constraints for table `order`
--
ALTER TABLE `order`
  ADD CONSTRAINT `order_ibfk_1` FOREIGN KEY (`table_id`) REFERENCES `table` (`table_id`) ON DELETE CASCADE ON UPDATE CASCADE;
COMMIT;

/*!40101 SET CHARACTER_SET_CLIENT=@OLD_CHARACTER_SET_CLIENT */;
/*!40101 SET CHARACTER_SET_RESULTS=@OLD_CHARACTER_SET_RESULTS */;
/*!40101 SET COLLATION_CONNECTION=@OLD_COLLATION_CONNECTION */;
